t,x,y,z
1782661502.283,0.00000,0.00000,0.00000
1782661502.449,0.00095,-0.00166,-0.00084
1782661502.516,0.00139,-0.00213,-0.00127
1782661502.549,0.00140,-0.00197,-0.00112
1782661502.583,0.00076,-0.00134,-0.00102
1782661502.616,0.00051,-0.00073,-0.00100
1782661502.649,0.00087,-0.00011,-0.00038
1782661502.716,0.00083,0.00009,-0.00030
1782661502.749,0.00083,0.00009,-0.00030
1782661502.783,0.00083,0.00009,-0.00030
1782661502.816,0.00000,0.00018,0.00005
1782661502.849,0.00013,0.00016,0.00020
1782661502.883,0.00013,0.00016,0.00020
1782661502.916,0.00013,0.00016,0.00020
1782661502.949,0.00013,0.00016,0.00020
1782661502.983,0.00013,0.00016,0.00020
1782661503.016,0.00013,0.00016,0.00020
1782661503.050,0.00013,0.00016,0.00020
1782661503.083,0.00013,0.00016,0.00020
1782661503.116,0.00013,0.00016,0.00020
1782661503.150,0.00013,0.00016,0.00020
1782661503.183,0.00013,0.00016,0.00020
1782661503.250,0.00013,0.00016,0.00020
1782661503.283,0.00013,0.00016,0.00020
1782661503.316,0.00013,0.00016,0.00020
1782661503.416,0.00013,0.00016,0.00020
1782661503.450,0.00013,0.00016,0.00020
1782661503.483,0.00013,0.00016,0.00020
1782661503.550,0.00013,0.00016,0.00020
1782661503.583,0.00013,0.00016,0.00020
1782661503.616,0.00013,0.00016,0.00020
1782661503.650,0.00013,0.00016,0.00020
1782661503.683,0.00013,0.00016,0.00020
1782661503.716,0.00013,0.00016,0.00020
1782661503.783,0.00013,0.00016,0.00020
1782661503.850,0.00013,0.00016,0.00020
1782661503.883,0.00013,0.00016,0.00020
1782661503.917,0.00013,0.00016,0.00020
1782661503.950,0.00013,0.00016,0.00020
1782661503.983,0.00013,0.00016,0.00020
1782661504.017,0.00013,0.00016,0.00020
1782661504.050,0.00013,0.00016,0.00020
1782661504.083,0.00013,0.00016,0.00020
1782661504.117,0.00013,0.00016,0.00020
1782661504.150,0.00013,0.00016,0.00020
1782661504.183,0.00013,0.00016,0.00020
1782661504.217,0.00013,0.00016,0.00020
1782661504.250,0.00013,0.00016,0.00020
1782661504.284,0.00013,0.00016,0.00020
1782661504.317,0.00013,0.00016,0.00020
1782661504.350,0.00013,0.00016,0.00020
1782661504.417,0.00013,0.00016,0.00020
1782661504.484,0.00013,0.00016,0.00020
1782661504.517,0.00013,0.00016,0.00020
1782661504.551,0.00013,0.00016,0.00020
1782661504.584,0.00013,0.00016,0.00020
1782661504.651,0.00013,0.00016,0.00020
1782661504.684,0.00013,0.00016,0.00020
1782661504.718,0.00013,0.00016,0.00020
1782661504.751,0.00013,0.00016,0.00020
1782661504.784,0.00013,0.00016,0.00020
1782661504.818,0.00013,0.00016,0.00020
1782661504.851,0.00013,0.00016,0.00020
1782661504.885,0.00013,0.00016,0.00020
1782661504.918,0.00013,0.00016,0.00020
1782661504.985,0.00013,0.00016,0.00020
1782661505.052,0.00013,0.00016,0.00020
1782661505.085,0.00013,0.00016,0.00020
1782661505.119,0.00013,0.00016,0.00020
1782661505.152,0.00013,0.00016,0.00020
1782661505.185,0.00013,0.00016,0.00020
1782661505.219,0.00013,0.00016,0.00020
1782661505.252,0.00013,0.00016,0.00020
1782661505.286,0.00013,0.00016,0.00020
1782661505.319,0.00013,0.00016,0.00020
1782661505.386,0.00013,0.00016,0.00020
1782661505.419,0.00080,-0.00103,0.00022
1782661505.453,0.00080,-0.00103,0.00022
1782661505.486,0.00080,-0.00103,0.00022
1782661505.520,0.00080,-0.00103,0.00022
1782661505.553,0.00080,-0.00103,0.00022
1782661505.587,0.00080,-0.00103,0.00022
1782661505.653,0.00080,-0.00103,0.00022
1782661505.687,0.00080,-0.00103,0.00022
1782661505.720,0.00080,-0.00103,0.00022
1782661505.754,0.00080,-0.00103,0.00022
1782661505.787,0.00080,-0.00103,0.00022
1782661505.854,0.00080,-0.00103,0.00022
1782661505.921,0.00080,-0.00103,0.00022
1782661505.954,0.00080,-0.00103,0.00022
1782661506.021,0.00080,-0.00103,0.00022
1782661506.055,-0.00114,-0.00391,0.00016
1782661506.088,-0.00114,-0.00391,0.00016
1782661506.122,-0.00356,-0.00359,0.00094
1782661506.155,-0.00521,-0.00355,0.00118
1782661506.188,-0.00581,-0.00386,0.00127
1782661506.222,-0.00532,-0.00420,0.00121
1782661506.255,-0.00532,-0.00420,0.00121
1782661506.289,-0.00532,-0.00420,0.00121
1782661506.322,-0.00532,-0.00420,0.00121
1782661506.355,-0.00532,-0.00420,0.00121
1782661506.389,-0.00532,-0.00420,0.00121
1782661506.422,-0.00532,-0.00420,0.00121
1782661506.455,-0.00532,-0.00420,0.00121
1782661506.489,-0.00532,-0.00420,0.00121
1782661506.522,-0.00532,-0.00420,0.00121
1782661506.555,-0.00532,-0.00420,0.00121
1782661506.589,-0.00532,-0.00420,0.00121
1782661506.622,-0.00532,-0.00420,0.00121
1782661506.655,-0.00532,-0.00420,0.00121
1782661506.689,-0.00532,-0.00420,0.00121
1782661506.722,-0.00532,-0.00420,0.00121
1782661506.755,-0.00532,-0.00420,0.00121
1782661506.822,-0.00532,-0.00420,0.00121
1782661506.855,-0.00532,-0.00420,0.00121
1782661506.889,-0.00532,-0.00420,0.00121
1782661506.922,-0.00532,-0.00420,0.00121
1782661506.989,-0.00532,-0.00420,0.00121
1782661507.056,-0.00532,-0.00420,0.00121
1782661507.089,-0.00532,-0.00420,0.00121
1782661507.122,-0.00532,-0.00420,0.00121
1782661507.189,-0.00532,-0.00420,0.00121
1782661507.222,-0.00532,-0.00420,0.00121
1782661507.256,-0.00532,-0.00420,0.00121
1782661507.289,-0.00532,-0.00420,0.00121
1782661507.322,-0.00532,-0.00420,0.00121
1782661507.356,-0.00532,-0.00420,0.00121
1782661507.389,-0.00532,-0.00420,0.00121
1782661507.422,-0.00532,-0.00420,0.00121
1782661507.456,-0.00532,-0.00420,0.00121
1782661507.489,-0.00532,-0.00420,0.00121
1782661507.522,-0.00532,-0.00420,0.00121
1782661507.556,-0.00532,-0.00420,0.00121
1782661507.622,-0.00532,-0.00420,0.00121
1782661507.656,-0.00532,-0.00420,0.00121
1782661507.689,-0.00532,-0.00420,0.00121
1782661507.722,-0.00532,-0.00420,0.00121
1782661507.756,-0.00532,-0.00420,0.00121
1782661507.789,-0.00532,-0.00420,0.00121
1782661507.823,-0.00532,-0.00420,0.00121
1782661507.856,-0.00532,-0.00420,0.00121
1782661507.889,-0.00532,-0.00420,0.00121
1782661507.923,-0.00532,-0.00420,0.00121
1782661507.956,-0.00532,-0.00420,0.00121
1782661507.989,-0.00532,-0.00420,0.00121
1782661508.089,-0.00532,-0.00420,0.00121
1782661508.123,-0.00532,-0.00420,0.00121
1782661508.156,-0.00532,-0.00420,0.00121
1782661508.189,-0.00532,-0.00420,0.00121
1782661508.223,-0.00532,-0.00420,0.00121
1782661508.256,-0.00532,-0.00420,0.00121
1782661508.289,-0.00532,-0.00420,0.00121
1782661508.323,-0.00532,-0.00420,0.00121
1782661508.356,-0.00532,-0.00420,0.00121
1782661508.389,-0.00532,-0.00420,0.00121
1782661508.423,-0.00532,-0.00420,0.00121
1782661508.456,-0.00532,-0.00420,0.00121
1782661508.489,-0.00532,-0.00420,0.00121
1782661508.523,-0.00532,-0.00420,0.00121
1782661508.590,-0.00532,-0.00420,0.00121
1782661508.623,-0.00532,-0.00420,0.00121
1782661508.656,-0.00532,-0.00420,0.00121
1782661508.690,-0.00532,-0.00420,0.00121
1782661508.723,-0.00532,-0.00420,0.00121
1782661508.756,-0.00532,-0.00420,0.00121
1782661508.790,-0.00532,-0.00420,0.00121
1782661508.823,-0.00532,-0.00420,0.00121
1782661508.856,-0.00532,-0.00420,0.00121
1782661508.890,-0.00532,-0.00420,0.00121
1782661508.923,-0.00532,-0.00420,0.00121
1782661508.956,-0.00532,-0.00420,0.00121
1782661509.023,-0.00532,-0.00420,0.00121
1782661509.056,-0.00532,-0.00420,0.00121
1782661509.090,-0.00532,-0.00420,0.00121
1782661509.123,-0.00532,-0.00420,0.00121
1782661509.156,-0.00532,-0.00420,0.00121
1782661509.190,-0.00532,-0.00420,0.00121
1782661509.223,-0.00532,-0.00420,0.00121
1782661509.256,-0.00532,-0.00420,0.00121
1782661509.290,-0.00532,-0.00420,0.00121
1782661509.323,-0.00532,-0.00420,0.00121
1782661509.357,-0.00532,-0.00420,0.00121
1782661509.423,-0.00532,-0.00420,0.00121
1782661509.457,-0.00532,-0.00420,0.00121
1782661509.490,-0.00532,-0.00420,0.00121
1782661509.557,-0.00532,-0.00420,0.00121
1782661509.590,-0.00532,-0.00420,0.00121
1782661509.657,0.00225,-0.01000,-0.00634
1782661509.690,0.00225,-0.01000,-0.00634
1782661509.723,0.00225,-0.01000,-0.00634
1782661509.757,0.00225,-0.01000,-0.00634
1782661509.790,0.00225,-0.01000,-0.00634
1782661509.823,0.00225,-0.01000,-0.00634
1782661509.857,0.00225,-0.01000,-0.00634
1782661509.890,0.00225,-0.01000,-0.00634
1782661509.923,0.00135,-0.01188,-0.00638
1782661509.957,0.00090,-0.01219,-0.00609
1782661509.990,0.00077,-0.01293,-0.00623
1782661510.023,0.00078,-0.01302,-0.00655
1782661510.057,0.00045,-0.01278,-0.00639
1782661510.090,0.00047,-0.01186,-0.00657
1782661510.123,0.00079,-0.01060,-0.00638
1782661510.190,0.00079,-0.01060,-0.00638
1782661510.224,0.00079,-0.01060,-0.00638
1782661510.257,0.00079,-0.01060,-0.00638
1782661510.290,0.00079,-0.01060,-0.00638
1782661510.324,0.00079,-0.01060,-0.00638
1782661510.357,0.00079,-0.01060,-0.00638
1782661510.390,0.00079,-0.01060,-0.00638
1782661510.424,0.00079,-0.01060,-0.00638
1782661510.457,0.00029,-0.01110,-0.00715
1782661510.490,0.00018,-0.01045,-0.00686
1782661510.524,0.00018,-0.01045,-0.00686
1782661510.557,0.00018,-0.01045,-0.00686
1782661510.590,0.00146,-0.00907,-0.00592
1782661510.624,0.00146,-0.00907,-0.00592
1782661510.657,0.00146,-0.00907,-0.00592
1782661510.690,0.00146,-0.00907,-0.00592
1782661510.724,0.00146,-0.00907,-0.00592
1782661510.757,0.00146,-0.00907,-0.00592
1782661510.790,0.00146,-0.00907,-0.00592
1782661510.857,0.00146,-0.00907,-0.00592
1782661510.924,0.00146,-0.00907,-0.00592
1782661510.957,0.00146,-0.00907,-0.00592
1782661511.024,0.00146,-0.00907,-0.00592
1782661511.091,0.00146,-0.00907,-0.00592
1782661511.124,0.00146,-0.00907,-0.00592
1782661511.191,0.00146,-0.00907,-0.00592
1782661511.224,0.00146,-0.00907,-0.00592
1782661511.257,0.00146,-0.00907,-0.00592
1782661511.291,0.00146,-0.00907,-0.00592
1782661511.324,0.00146,-0.00907,-0.00592
1782661511.357,0.00146,-0.00907,-0.00592
1782661511.391,0.00146,-0.00907,-0.00592
1782661511.424,0.00146,-0.00907,-0.00592
1782661511.457,0.00146,-0.00907,-0.00592
1782661511.491,0.00146,-0.00907,-0.00592
1782661511.524,0.00146,-0.00907,-0.00592
1782661511.557,0.00146,-0.00907,-0.00592
1782661511.591,0.00146,-0.00907,-0.00592
1782661511.624,0.00146,-0.00907,-0.00592
1782661511.658,0.00146,-0.00907,-0.00592
1782661511.758,0.00146,-0.00907,-0.00592
1782661511.791,0.00146,-0.00907,-0.00592
1782661511.824,0.00146,-0.00907,-0.00592
1782661511.858,0.00146,-0.00907,-0.00592
1782661511.891,0.00146,-0.00907,-0.00592
1782661511.924,0.00146,-0.00907,-0.00592
1782661511.991,0.00146,-0.00907,-0.00592
1782661512.024,0.00146,-0.00907,-0.00592
1782661512.058,0.00146,-0.00907,-0.00592
1782661512.091,0.00146,-0.00907,-0.00592
1782661512.124,0.00146,-0.00907,-0.00592
1782661512.158,0.00146,-0.00907,-0.00592
1782661512.191,0.00146,-0.00907,-0.00592
1782661512.291,0.00146,-0.00907,-0.00592
1782661512.324,0.00146,-0.00907,-0.00592
1782661512.391,0.00146,-0.00907,-0.00592
1782661512.458,0.00146,-0.00907,-0.00592
1782661512.491,-0.00411,-0.00524,-0.00217
1782661512.525,-0.00411,-0.00524,-0.00217
1782661512.558,-0.00411,-0.00524,-0.00217
1782661512.591,-0.00411,-0.00524,-0.00217
1782661512.658,-0.00411,-0.00524,-0.00217
1782661512.691,-0.00411,-0.00524,-0.00217
1782661512.725,-0.00411,-0.00524,-0.00217
1782661512.758,-0.00411,-0.00524,-0.00217
1782661512.791,-0.00411,-0.00524,-0.00217
1782661512.858,-0.00411,-0.00524,-0.00217
1782661512.891,-0.00411,-0.00524,-0.00217
1782661512.925,-0.00411,-0.00524,-0.00217
1782661512.958,-0.00411,-0.00524,-0.00217
1782661512.991,-0.00411,-0.00524,-0.00217
1782661513.025,-0.00411,-0.00524,-0.00217
1782661513.092,-0.00411,-0.00524,-0.00217
1782661513.125,-0.00411,-0.00524,-0.00217
1782661513.158,-0.00411,-0.00524,-0.00217
1782661513.192,-0.00411,-0.00524,-0.00217
1782661513.258,-0.00411,-0.00524,-0.00217
1782661513.292,-0.00411,-0.00524,-0.00217
1782661513.325,-0.00411,-0.00524,-0.00217
1782661513.358,-0.00411,-0.00524,-0.00217
1782661513.392,-0.00411,-0.00524,-0.00217
1782661513.458,-0.00615,-0.00394,0.00364
1782661513.492,-0.00683,-0.00399,0.00123
1782661513.525,-0.00942,-0.00424,0.00217
1782661513.558,-0.01084,-0.00513,0.00382
1782661513.592,-0.01228,-0.00415,0.00506
1782661513.625,-0.01019,-0.00484,0.00404
1782661513.658,-0.01546,-0.00457,0.00352
1782661513.692,-0.01227,-0.00912,0.00484
1782661513.758,-0.01136,-0.00613,0.00232
1782661513.792,-0.00988,-0.00571,0.00447
1782661513.825,-0.00795,-0.00504,0.00306
1782661513.859,-0.00795,-0.00504,0.00306
1782661513.892,-0.00795,-0.00504,0.00306
1782661513.925,-0.00795,-0.00504,0.00306
1782661513.959,-0.00795,-0.00504,0.00306
1782661513.992,-0.00795,-0.00504,0.00306
1782661514.025,-0.00795,-0.00504,0.00306
1782661514.092,-0.00795,-0.00504,0.00306
1782661514.125,-0.00795,-0.00504,0.00306
1782661514.159,-0.00795,-0.00504,0.00306
1782661514.192,-0.00795,-0.00504,0.00306
1782661514.292,-0.00795,-0.00504,0.00306
1782661514.325,-0.00795,-0.00504,0.00306
1782661514.359,-0.00795,-0.00504,0.00306
1782661514.392,-0.00842,-0.00498,0.00264
1782661514.425,-0.00615,-0.00590,0.00171
1782661514.492,0.00746,-0.00499,-0.00241
1782661514.592,0.03578,-0.00356,-0.01146
1782661514.626,0.04699,-0.00357,-0.01466
1782661514.659,0.05251,-0.00410,-0.01644
1782661514.692,0.05504,-0.00507,-0.01725
1782661514.726,0.05504,-0.00507,-0.01725
1782661514.759,0.06329,-0.00367,-0.01953
1782661514.792,0.06486,-0.00239,-0.02019
1782661514.859,0.07607,0.00049,-0.02389
1782661514.892,0.08098,0.00217,-0.02650
1782661514.926,0.08562,0.00447,-0.02762
1782661514.959,0.09041,0.00670,-0.02843
1782661514.992,0.09565,0.00800,-0.03099
1782661515.026,0.10023,0.00954,-0.03192
1782661515.059,0.10539,0.01127,-0.03347
1782661515.126,0.11592,0.01411,-0.03641
1782661515.159,0.12125,0.01460,-0.03837
1782661515.192,0.12534,0.01513,-0.03965
1782661515.226,0.12849,0.01559,-0.04025
1782661515.259,0.13657,0.01586,-0.04266
1782661515.292,0.14816,0.01662,-0.04585
1782661515.326,0.16002,0.01760,-0.04893
1782661515.393,0.17492,0.01798,-0.05339
1782661515.426,0.17939,0.01807,-0.05408
1782661515.459,0.17939,0.01807,-0.05408
1782661515.493,0.19051,0.01896,-0.05759
1782661515.526,0.19753,0.01944,-0.05909
1782661515.559,0.20361,0.01946,-0.06121
1782661515.626,0.22884,-0.00644,0.01220
1782661515.659,0.23522,-0.00830,0.01510
1782661515.693,0.24168,-0.01105,0.01596
1782661515.726,0.24740,-0.00839,0.01516
1782661515.793,0.26380,-0.01363,0.01058
1782661515.826,0.27193,-0.01776,0.01434
1782661515.859,0.27620,-0.01635,0.01354
1782661515.926,0.28848,-0.01376,0.01153
1782661515.993,0.29982,-0.01016,0.01102
1782661516.026,0.29982,-0.01016,0.01102
1782661516.059,0.31332,-0.00827,0.01470
1782661516.093,0.31849,-0.00297,0.02002
1782661516.126,0.32857,-0.00526,0.01299
1782661516.193,0.34611,-0.00581,0.01115
1782661516.226,0.34611,-0.00581,0.01115
1782661516.260,0.35917,-0.00365,0.01660
1782661516.293,0.36039,0.00608,0.01345
1782661516.326,0.36918,0.00410,0.00873
1782661516.360,0.37965,-0.00094,0.01134
1782661516.460,0.39876,0.00569,0.02355
1782661516.526,0.41627,0.00935,0.03349
1782661516.560,0.41627,0.00935,0.03349
1782661516.593,0.43305,0.00907,0.02728
1782661516.660,0.45394,0.00828,0.03452
1782661516.693,0.45394,0.00828,0.03452
1782661516.760,0.45394,0.00828,0.03452
1782661516.793,0.47823,0.01189,0.03737
1782661516.826,0.47823,0.01189,0.03737
1782661516.860,0.47823,0.01189,0.03737
1782661516.893,0.49521,0.01203,0.02884
1782661516.927,0.50065,0.01660,0.03433
1782661516.960,0.50838,0.00755,0.03335
1782661517.027,0.51318,0.01999,0.03848
1782661517.060,0.51721,0.02416,0.03564
1782661517.093,0.52698,0.02928,0.03559
1782661517.127,0.53286,0.02322,0.03626
1782661517.160,0.53523,0.03502,0.03099
1782661517.193,0.54246,0.02992,0.03647
1782661517.227,0.54850,0.02637,0.04029
1782661517.260,0.55990,0.02546,0.04273
1782661517.293,0.55990,0.02546,0.04273
1782661517.327,0.56439,0.02593,0.04506
1782661517.393,0.57889,0.01760,0.04696
1782661517.427,0.58031,0.02211,0.04972
1782661517.460,0.59071,0.02445,0.04829
1782661517.493,0.59533,0.02155,0.04633
1782661517.527,0.59953,0.01655,0.05550
1782661517.560,0.59953,0.01655,0.05550
1782661517.594,0.60692,0.02182,0.04466
1782661517.627,0.61125,0.01998,0.06460
1782661517.660,0.61984,0.00352,0.06489
1782661517.694,0.63190,-0.00882,0.06207
1782661517.760,0.64113,-0.00661,0.06309
1782661517.794,0.64537,-0.00387,0.06053
1782661517.827,0.64803,-0.00082,0.05849
1782661517.860,0.65280,-0.00320,0.06243
1782661517.927,0.66679,-0.00986,0.06621
1782661517.960,0.66679,-0.00986,0.06621
1782661517.994,0.67551,-0.00977,0.06580
1782661518.027,0.67551,-0.00977,0.06580
1782661518.060,0.68407,-0.00795,0.06708
1782661518.094,0.68853,-0.00677,0.06814
1782661518.127,0.69565,-0.00820,0.06834
1782661518.194,0.71067,-0.01184,0.06678
1782661518.227,0.71067,-0.01184,0.06678
1782661518.260,0.72387,-0.01322,0.06829
1782661518.294,0.72387,-0.01322,0.06829
1782661518.327,0.73647,-0.01271,0.06791
1782661518.361,0.73647,-0.01271,0.06791
1782661518.394,0.74635,-0.00855,0.06863
1782661518.427,0.75263,-0.00848,0.07021
1782661518.461,0.76029,-0.01080,0.07057
1782661518.561,0.77624,-0.00731,0.07234
1782661518.594,0.78128,-0.00705,0.07307
1782661518.627,0.78632,-0.00501,0.07152
1782661518.661,0.79307,-0.00712,0.07365
1782661518.727,0.80598,-0.00669,0.07398
1782661518.761,0.80598,-0.00669,0.07398
1782661518.794,0.81719,-0.00583,0.07421
1782661518.827,0.81719,-0.00583,0.07421
1782661518.861,0.82958,-0.00677,0.07620
1782661518.894,0.82958,-0.00677,0.07620
1782661518.927,0.84504,-0.00905,0.07688
1782661518.961,0.84504,-0.00905,0.07688
1782661518.994,0.85375,-0.00310,0.07509
1782661519.027,0.86224,-0.00618,0.07905
1782661519.061,0.86224,-0.00618,0.07905
1782661519.094,0.87416,-0.00488,0.08106
1782661519.128,0.87416,-0.00488,0.08106
1782661519.161,0.88629,-0.00379,0.08158
1782661519.194,0.89307,-0.00331,0.08222
1782661519.228,0.90078,-0.00499,0.08776
1782661519.261,0.90514,-0.00210,0.08564
1782661519.328,0.91716,-0.00262,0.08588
1782661519.361,0.92314,-0.00309,0.08557
1782661519.428,0.93467,-0.00348,0.08817
1782661519.461,0.94061,-0.00458,0.08957
1782661519.494,0.94668,-0.00578,0.09061
1782661519.528,0.94668,-0.00578,0.09061
1782661519.561,0.95707,-0.00445,0.09031
1782661519.594,0.96181,-0.00348,0.09192
1782661519.628,0.96181,-0.00348,0.09192
1782661519.694,0.97414,0.00097,0.09246
1782661519.728,0.97890,0.00168,0.09224
1782661519.761,0.98278,0.00303,0.09187
1782661519.794,0.99141,-0.00109,0.09347
1782661519.861,0.99977,0.00236,0.09351
1782661519.961,1.01542,0.00149,0.09454
1782661520.028,1.03840,-0.01258,0.09048
1782661520.061,1.04053,-0.00775,0.09095
1782661520.095,1.04791,-0.00885,0.08946
1782661520.128,1.05115,-0.00568,0.09101
1782661520.161,1.05670,-0.00406,0.09419
1782661520.228,1.07173,-0.00636,0.09244
1782661520.261,1.08196,-0.01033,0.09157
1782661520.295,1.08895,-0.01127,0.09223
1782661520.328,1.09678,-0.01092,0.09230
1782661520.361,1.10044,-0.00795,0.09296
1782661520.395,1.10342,-0.00334,0.09581
1782661520.428,1.11440,-0.00647,0.09516
1782661520.461,1.11913,-0.00482,0.09833
1782661520.495,1.12837,-0.00694,0.09859
1782661520.528,1.13353,-0.00579,0.09623
1782661520.561,1.14136,-0.00835,0.09676
1782661520.628,1.15650,-0.01015,0.09678
1782661520.695,1.16765,-0.00752,0.10094
1782661520.728,1.17783,-0.01297,0.09756
1782661520.762,1.17838,-0.00570,0.09864
1782661520.795,1.17139,0.01094,0.10176
1782661520.828,1.16746,0.02315,0.10192
1782661520.862,1.17591,0.02143,0.10489
1782661520.962,1.19295,0.02299,0.10918
1782661520.995,1.19483,0.02902,0.10889
1782661521.028,1.19980,0.03035,0.10849
1782661521.062,1.20529,0.03085,0.10917
1782661521.095,1.21308,0.02709,0.10764
1782661521.128,1.22078,0.02439,0.11009
1782661521.162,1.22556,0.02558,0.10879
1782661521.195,1.22873,0.02828,0.10901
1782661521.228,1.23059,0.03344,0.10989
1782661521.262,1.23619,0.03254,0.10745
1782661521.329,1.24401,0.03384,0.10868
1782661521.362,1.24847,0.03519,0.10689
1782661521.395,1.25319,0.03382,0.10871
1782661521.496,1.25312,0.05643,0.12393
1782661521.529,1.25932,0.05494,0.12530
1782661521.562,1.25932,0.05494,0.12530
1782661521.596,1.27067,0.05415,0.12523
1782661521.629,1.27067,0.05415,0.12523
1782661521.663,1.28832,0.04627,0.12415
1782661521.696,1.29280,0.04689,0.13505
1782661521.729,1.29666,0.05023,0.13649
1782661521.763,1.30385,0.04764,0.13787
1782661521.796,1.30831,0.04920,0.13841
1782661521.830,1.31387,0.05062,0.13572
1782661521.863,1.32273,0.04572,0.13840
1782661521.896,1.33367,0.04043,0.12860
1782661521.963,1.35630,0.02291,0.12306
1782661522.030,1.36846,0.02315,0.12465
1782661522.063,1.36436,0.04115,0.12569
1782661522.097,1.37196,0.03960,0.12697
1782661522.130,1.37691,0.04167,0.12564
1782661522.164,1.38104,0.04534,0.12580
1782661522.197,1.39137,0.03913,0.12574
1782661522.230,1.39880,0.03845,0.12343
1782661522.264,1.40188,0.04349,0.12579
1782661522.297,1.40917,0.04261,0.12276
1782661522.330,1.41414,0.04573,0.12456
1782661522.364,1.42059,0.04648,0.11571
1782661522.397,1.42507,0.05084,0.11704
1782661522.431,1.43249,0.05103,0.11386
1782661522.464,1.44013,0.04956,0.11275
1782661522.564,1.46149,0.04799,0.11568
1782661522.597,1.46709,0.05053,0.11291
1782661522.631,1.47436,0.04962,0.11816
1782661522.664,1.47980,0.05254,0.12033
1782661522.731,1.49211,0.05321,0.12312
1782661522.764,1.49965,0.05180,0.12268
1782661522.797,1.50429,0.05433,0.12198
1782661522.831,1.51224,0.05140,0.12555
1782661522.864,1.51571,0.05616,0.12767
1782661522.897,1.52426,0.05292,0.12364
1782661522.931,1.53064,0.05319,0.12482
1782661522.998,1.54168,0.05744,0.12303
1782661523.031,1.54728,0.05891,0.12594
1782661523.064,1.55443,0.05776,0.12941
1782661523.098,1.56208,0.05559,0.12873
1782661523.131,1.56489,0.06303,0.12741
1782661523.164,1.57020,0.06599,0.13020
1782661523.198,1.57690,0.06578,0.13175
1782661523.231,1.58252,0.06772,0.13210
1782661523.264,1.58886,0.06991,0.13033
1782661523.298,1.59706,0.06672,0.13422
1782661523.364,1.60806,0.07178,0.13414
1782661523.398,1.61662,0.07187,0.13663
1782661523.465,1.63061,0.07032,0.14627
1782661523.498,1.64078,0.06499,0.14714
1782661523.531,1.64183,0.07939,0.14683
1782661523.565,1.65318,0.07214,0.14683
1782661523.598,1.65447,0.07897,0.14776
1782661523.631,1.66311,0.07930,0.14646
1782661523.731,1.68653,0.07516,0.15333
1782661523.765,1.69204,0.07650,0.15214
1782661523.798,1.69871,0.08291,0.14933
1782661523.831,1.70343,0.08707,0.14757
1782661523.865,1.70795,0.08953,0.14866
1782661523.932,1.72162,0.08533,0.15347
1782661523.965,1.72924,0.07950,0.16006
1782661524.032,1.74558,0.06564,0.17112
1782661524.065,1.75824,0.05346,0.18243
1782661524.165,1.78671,0.03400,0.18950
1782661524.198,1.79204,0.03624,0.18730
1782661524.265,1.79556,0.06129,0.16287
1782661524.298,1.79985,0.06341,0.16316
1782661524.332,1.80613,0.06195,0.16312
1782661524.365,1.81228,0.05907,0.16482
1782661524.399,1.81975,0.05581,0.16683
1782661524.432,1.82546,0.05634,0.16549
1782661524.465,1.82964,0.05634,0.16585
1782661524.499,1.83319,0.06020,0.16044
1782661524.532,1.83818,0.06067,0.15932
1782661524.565,1.84290,0.05949,0.15980
1782661524.599,1.85147,0.05274,0.16330
1782661524.632,1.85701,0.05284,0.16283
1782661524.665,1.85701,0.05284,0.16283
1782661524.699,1.86995,0.04705,0.16795
1782661524.732,1.87752,0.04444,0.16939
1782661524.765,1.88499,0.04238,0.17047
1782661524.799,1.89203,0.04212,0.17025
1782661524.832,1.89858,0.04094,0.17301
1782661524.899,1.91211,0.04025,0.17281
1782661524.932,1.91962,0.03841,0.17421
1782661524.966,1.92723,0.03745,0.17358
1782661524.999,1.93402,0.03704,0.17328
1782661525.032,1.94155,0.03719,0.17685
1782661525.066,1.94749,0.04473,0.16957
1782661525.099,1.95763,0.03667,0.17250
1782661525.132,1.96366,0.03759,0.17321
1782661525.166,1.97132,0.03545,0.17457
1782661525.199,1.97869,0.03619,0.17337
1782661525.232,1.98597,0.03840,0.17143
1782661525.266,1.99339,0.03437,0.17289
1782661525.299,2.00035,0.03756,0.17149
1782661525.332,2.00694,0.03940,0.17144
1782661525.366,2.01372,0.04110,0.17144
1782661525.399,2.02281,0.03587,0.17279
1782661525.433,2.02841,0.03883,0.17385
1782661525.466,2.02841,0.03883,0.17385
1782661525.533,2.04724,0.03181,0.18445
1782661525.566,2.05622,0.02829,0.18468
1782661525.599,2.05622,0.02829,0.18468
1782661525.633,2.07013,0.02902,0.18425
1782661525.666,2.07908,0.02871,0.18430
1782661525.699,2.07908,0.02871,0.18430
1782661525.733,2.09558,0.02537,0.18487
1782661525.766,2.10231,0.02548,0.18602
1782661525.799,2.10777,0.02818,0.18573
1782661525.833,2.11410,0.02814,0.18662
1782661525.866,2.12077,0.02836,0.18757
1782661525.900,2.12827,0.02717,0.18855
1782661525.933,2.14809,0.02006,0.17821
1782661525.966,2.15466,0.01716,0.18011
1782661526.000,2.15941,0.02138,0.18064
1782661526.033,2.16424,0.02382,0.18293
1782661526.066,2.16424,0.02382,0.18293
1782661526.100,2.16424,0.02382,0.18293
1782661526.133,2.18672,0.00916,0.18366
1782661526.166,2.18672,0.00916,0.18366
1782661526.200,2.19950,0.01186,0.18297
1782661526.233,2.19950,0.01186,0.18297
1782661526.266,2.21351,0.01292,0.18359
1782661526.300,2.21995,0.01000,0.18570
1782661526.367,2.23538,0.00826,0.18377
1782661526.400,2.24101,0.01202,0.18391
1782661526.433,2.24910,0.01042,0.18557
1782661526.500,2.25795,0.02073,0.18550
1782661526.533,2.26229,0.02697,0.18847
1782661526.567,2.26680,0.03588,0.18698
1782661526.600,2.27215,0.03924,0.18926
1782661526.633,2.27658,0.05045,0.18888
1782661526.667,2.28574,0.04955,0.18291
1782661526.700,2.29350,0.05459,0.18453
1782661526.733,2.29901,0.05026,0.19004
1782661526.767,2.30256,0.04763,0.18659
1782661526.800,2.30799,0.05440,0.18695
1782661526.833,2.31276,0.05565,0.19117
1782661526.867,2.31742,0.05809,0.19144
1782661526.900,2.32439,0.05189,0.19516
1782661526.934,2.32969,0.04888,0.19728
1782661526.967,2.33521,0.04790,0.19453
1782661527.000,2.34038,0.05340,0.19257
1782661527.034,2.34558,0.05474,0.19434
1782661527.067,2.35151,0.05451,0.19379
1782661527.167,2.36841,0.05010,0.19814
1782661527.200,2.36841,0.05010,0.19814
1782661527.234,2.38160,0.04683,0.19917
1782661527.267,2.38160,0.04683,0.19917
1782661527.334,2.39424,0.05609,0.20111
1782661527.367,2.39508,0.06172,0.20313
1782661527.401,2.40376,0.05667,0.19551
1782661527.434,2.41145,0.05595,0.19632
1782661527.467,2.41389,0.04815,0.19646
1782661527.534,2.41887,0.06222,0.20035
1782661527.567,2.42586,0.06219,0.19578
1782661527.601,2.45720,0.01156,0.18270
1782661527.634,2.45788,0.01277,0.17919
1782661527.667,2.45500,0.02816,0.17758
1782661527.701,2.45902,0.03293,0.17901
1782661527.734,2.46890,0.02440,0.17348
1782661527.767,2.47278,0.01390,0.17960
1782661527.834,2.47607,0.01172,0.18489
1782661527.868,2.47705,0.01588,0.17910
1782661527.934,2.47825,0.02137,0.17948
1782661527.968,2.47900,0.02120,0.18236
1782661528.001,2.47988,0.02086,0.18084
1782661528.034,2.48121,0.02078,0.18104
1782661528.101,2.48147,0.02251,0.17995
1782661528.134,2.48095,0.02255,0.18167
1782661528.168,2.48102,0.02281,0.18211
1782661528.201,2.48102,0.02281,0.18211
1782661528.234,2.48060,0.02408,0.18280
1782661528.268,2.48060,0.02408,0.18280
1782661528.301,2.48060,0.02408,0.18280
1782661528.335,2.48060,0.02408,0.18280
1782661528.368,2.48060,0.02408,0.18280
1782661528.401,2.48060,0.02408,0.18280
1782661528.435,2.48060,0.02408,0.18280
1782661528.501,2.48060,0.02408,0.18280
1782661528.535,2.48156,0.02415,0.18244
1782661528.568,2.48156,0.02415,0.18244
1782661528.601,2.48269,0.02414,0.18304
1782661528.635,2.48319,0.02632,0.18267
1782661528.668,2.48356,0.02964,0.18218
1782661528.735,2.48657,0.03384,0.18169
1782661528.768,2.48753,0.03833,0.18219
1782661528.802,2.48891,0.04041,0.18203
1782661528.835,2.49107,0.04232,0.18133
1782661528.868,2.49107,0.04232,0.18133
1782661528.935,2.50151,0.04482,0.17696
1782661528.968,2.50308,0.04422,0.18540
1782661529.035,2.50213,0.04775,0.19185
1782661529.068,2.50259,0.05244,0.18513
1782661529.102,2.50602,0.05283,0.18387
1782661529.168,2.50699,0.05779,0.18227
1782661529.202,2.50705,0.06070,0.18660
1782661529.269,2.51350,0.06885,0.15967
1782661529.302,2.51414,0.07172,0.16420
1782661529.335,2.51526,0.07476,0.15765
1782661529.369,2.51904,0.07558,0.15691
1782661529.435,2.52125,0.07738,0.16965
1782661529.469,2.52609,0.07756,0.16014
1782661529.502,2.52391,0.08344,0.16098
1782661529.535,2.52691,0.08542,0.16156
1782661529.569,2.52734,0.08814,0.16305
1782661529.602,2.52719,0.09249,0.16613
1782661529.635,2.52895,0.09545,0.16509
1782661529.669,2.53158,0.09573,0.15827
1782661529.802,2.53695,0.10554,0.16271
1782661529.836,2.53601,0.10409,0.17924
1782661529.869,2.54090,0.10744,0.16385
1782661529.902,2.53912,0.10937,0.17526
1782661529.936,2.54310,0.11015,0.16944
1782661529.969,2.55431,0.09835,0.15796
1782661530.002,2.55458,0.09696,0.16486
1782661530.036,2.55253,0.10437,0.16183
1782661530.069,2.55183,0.10507,0.17264
1782661530.102,2.55327,0.10731,0.16745
1782661530.136,2.55445,0.11036,0.16595
1782661530.169,2.55587,0.11137,0.15573
1782661530.236,2.55625,0.11063,0.16320
1782661530.269,2.55614,0.11228,0.15984
1782661530.303,2.55770,0.11014,0.16676
1782661530.336,2.56056,0.10971,0.16843
1782661530.369,2.56321,0.11489,0.16274
1782661530.403,2.56838,0.10950,0.17235
1782661530.436,2.56790,0.11946,0.15907
1782661530.469,2.57124,0.12007,0.16293
1782661530.503,2.57405,0.11697,0.17489
1782661530.536,2.57771,0.11560,0.17811
1782661530.569,2.57974,0.11886,0.17858
1782661530.603,2.58337,0.11739,0.17934
1782661530.670,2.58759,0.12157,0.18172
1782661530.703,2.58766,0.12751,0.17123
1782661530.736,2.59065,0.12346,0.18860
1782661530.803,2.59093,0.13422,0.18894
1782661530.836,2.59573,0.13599,0.17088
1782661530.870,2.59663,0.13618,0.17274
1782661530.903,2.59861,0.14135,0.17456
1782661530.936,2.60154,0.14216,0.17806
1782661530.970,2.60238,0.14852,0.17053
1782661531.003,2.60754,0.15008,0.15511
1782661531.036,2.60674,0.15650,0.16086
1782661531.070,2.61313,0.15452,0.16702
1782661531.103,2.61244,0.15807,0.16875
1782661531.136,2.61697,0.15934,0.16553
1782661531.170,2.62277,0.16250,0.16544
1782661531.270,2.63627,0.16329,0.17827
1782661531.337,2.64600,0.16570,0.17517
1782661531.370,2.65012,0.16847,0.17448
1782661531.437,2.65699,0.17293,0.17915
1782661531.470,2.65885,0.17716,0.18024
1782661531.503,2.66240,0.17720,0.18297
1782661531.537,2.66451,0.18196,0.17692
1782661531.570,2.66615,0.18673,0.18082
1782661531.603,2.66824,0.19240,0.19035
1782661531.637,2.67320,0.19150,0.18150
1782661531.670,2.67493,0.19503,0.18493
1782661531.704,2.67958,0.19537,0.18398
1782661531.737,2.68258,0.19696,0.18309
1782661531.770,2.68519,0.20024,0.18141
1782661531.804,2.68898,0.20341,0.18038
1782661531.837,2.69348,0.20236,0.18126
1782661531.870,2.69318,0.20378,0.18820
1782661531.904,2.69843,0.20950,0.18629
1782661531.937,2.69975,0.21203,0.18591
1782661532.004,2.69975,0.21203,0.18591
1782661532.104,2.69975,0.21203,0.18591
1782661532.137,2.70287,0.21356,0.18583
1782661532.171,2.70299,0.21362,0.18526
1782661532.204,2.70299,0.21362,0.18526
1782661532.271,2.70036,0.21253,0.18635
1782661532.337,2.70036,0.21253,0.18635
1782661532.371,2.70036,0.21253,0.18635
1782661532.404,2.70036,0.21253,0.18635
1782661532.437,2.70036,0.21253,0.18635
1782661532.471,2.70036,0.21253,0.18635
1782661532.504,2.70036,0.21253,0.18635
1782661532.537,2.70036,0.21253,0.18635
1782661532.571,2.70036,0.21253,0.18635
1782661532.604,2.70036,0.21253,0.18635
1782661532.638,2.70036,0.21253,0.18635
1782661532.704,2.70036,0.21253,0.18635
1782661532.738,2.70036,0.21253,0.18635
1782661532.771,2.70036,0.21253,0.18635
1782661532.804,2.70036,0.21253,0.18635
1782661532.838,2.70036,0.21253,0.18635
1782661532.871,2.70036,0.21253,0.18635
1782661532.904,2.70036,0.21253,0.18635
1782661532.938,2.70036,0.21253,0.18635
1782661532.971,2.70036,0.21253,0.18635
1782661533.004,2.70036,0.21253,0.18635
1782661533.038,2.70036,0.21253,0.18635
1782661533.105,2.70036,0.21253,0.18635
1782661533.138,2.70036,0.21253,0.18635
1782661533.171,2.70036,0.21253,0.18635
1782661533.205,2.70036,0.21253,0.18635
1782661533.238,2.70036,0.21253,0.18635
1782661533.271,2.70036,0.21253,0.18635
1782661533.305,2.70036,0.21253,0.18635
1782661533.405,2.70036,0.21253,0.18635
1782661533.438,2.70036,0.21253,0.18635
1782661533.471,2.70036,0.21253,0.18635
1782661533.505,2.70036,0.21253,0.18635
1782661533.538,2.70036,0.21253,0.18635
1782661533.572,2.70036,0.21253,0.18635
1782661533.605,2.70036,0.21253,0.18635
1782661533.638,2.70036,0.21253,0.18635
1782661533.672,2.70036,0.21253,0.18635
1782661533.705,2.70036,0.21253,0.18635
1782661533.738,2.70036,0.21253,0.18635
1782661533.772,2.70036,0.21253,0.18635
1782661533.805,2.70036,0.21253,0.18635
1782661533.838,2.70036,0.21253,0.18635
1782661533.872,2.70036,0.21253,0.18635
1782661533.905,2.70036,0.21253,0.18635
1782661533.972,2.70036,0.21253,0.18635
1782661534.005,2.70036,0.21253,0.18635
1782661534.039,2.70036,0.21253,0.18635
1782661534.072,2.70036,0.21253,0.18635
1782661534.105,2.70036,0.21253,0.18635
1782661534.139,2.70036,0.21253,0.18635
1782661534.172,2.70036,0.21253,0.18635
1782661534.205,2.70036,0.21253,0.18635
1782661534.239,2.70036,0.21253,0.18635
1782661534.272,2.70036,0.21253,0.18635
1782661534.372,2.70036,0.21253,0.18635
1782661534.405,2.70036,0.21253,0.18635
1782661534.439,2.70036,0.21253,0.18635
1782661534.472,2.70036,0.21253,0.18635
1782661534.506,2.70036,0.21253,0.18635
1782661534.539,2.70036,0.21253,0.18635
1782661534.572,2.70036,0.21253,0.18635
1782661534.606,2.70036,0.21253,0.18635
1782661534.639,2.70036,0.21253,0.18635
1782661534.672,2.70036,0.21253,0.18635
1782661534.706,2.70036,0.21253,0.18635
1782661534.739,2.70036,0.21253,0.18635
1782661534.772,2.70036,0.21253,0.18635
1782661534.806,2.70036,0.21253,0.18635
1782661534.839,2.70036,0.21253,0.18635
1782661534.939,2.70036,0.21253,0.18635
1782661534.973,2.70036,0.21253,0.18635
1782661535.006,2.70036,0.21253,0.18635
1782661535.039,2.70036,0.21253,0.18635
1782661535.073,2.70036,0.21253,0.18635
1782661535.139,2.70036,0.21253,0.18635
1782661535.173,2.70163,0.21466,0.18955
1782661535.206,2.70163,0.21466,0.18955
1782661535.240,2.70163,0.21466,0.18955
1782661535.273,2.70163,0.21466,0.18955
1782661535.306,2.70163,0.21466,0.18955
1782661535.340,2.70163,0.21466,0.18955
1782661535.440,2.70163,0.21466,0.18955
1782661535.474,2.70163,0.21466,0.18955
1782661535.507,2.70163,0.21466,0.18955
1782661535.540,2.70113,0.21416,0.18971
1782661535.607,2.70113,0.21416,0.18971
1782661535.641,2.70113,0.21416,0.18971
1782661535.674,2.70113,0.21416,0.18971
1782661535.708,2.70113,0.21416,0.18971
1782661535.741,2.70113,0.21416,0.18971
1782661535.775,2.70113,0.21416,0.18971
1782661535.808,2.70113,0.21416,0.18971
1782661535.841,2.70113,0.21416,0.18971
1782661535.875,2.70113,0.21416,0.18971
1782661535.908,2.70113,0.21416,0.18971
1782661535.942,2.70113,0.21416,0.18971
1782661535.975,2.70113,0.21416,0.18971
1782661536.009,2.70113,0.21416,0.18971
1782661536.042,2.70113,0.21416,0.18971
1782661536.109,2.70113,0.21416,0.18971
1782661536.142,2.70113,0.21416,0.18971
1782661536.176,2.70113,0.21416,0.18971
1782661536.243,2.70113,0.21416,0.18971
1782661536.276,2.70113,0.21416,0.18971
1782661536.309,2.70113,0.21416,0.18971
1782661536.343,2.70113,0.21416,0.18971
1782661536.376,2.70113,0.21416,0.18971
1782661536.409,2.70113,0.21416,0.18971
1782661536.443,2.70113,0.21416,0.18971
1782661536.476,2.70113,0.21416,0.18971
1782661536.509,2.70113,0.21416,0.18971
1782661536.543,2.70113,0.21416,0.18971
1782661536.576,2.70113,0.21416,0.18971
1782661536.609,2.70113,0.21416,0.18971
1782661536.643,2.70113,0.21416,0.18971
1782661536.676,2.70113,0.21416,0.18971
1782661536.709,2.70113,0.21416,0.18971
1782661536.743,2.70113,0.21416,0.18971
1782661536.776,2.70113,0.21416,0.18971
1782661536.809,2.70113,0.21416,0.18971
1782661536.876,2.70113,0.21416,0.18971
1782661536.910,2.70113,0.21416,0.18971
1782661536.943,2.70113,0.21416,0.18971
1782661536.976,2.70113,0.21416,0.18971
1782661537.010,2.70113,0.21416,0.18971
1782661537.043,2.70113,0.21416,0.18971
1782661537.076,2.70113,0.21416,0.18971
1782661537.110,2.70113,0.21416,0.18971
1782661537.143,2.70113,0.21416,0.18971
1782661537.176,2.70113,0.21416,0.18971
1782661537.210,2.70113,0.21416,0.18971
1782661537.243,2.70113,0.21416,0.18971
1782661537.276,2.70113,0.21416,0.18971
1782661537.310,2.70113,0.21416,0.18971
1782661537.343,2.70113,0.21416,0.18971
1782661537.376,2.70113,0.21416,0.18971
1782661537.410,2.70113,0.21416,0.18971
1782661537.443,2.70113,0.21416,0.18971
1782661537.476,2.70113,0.21416,0.18971
1782661537.510,2.70113,0.21416,0.18971
1782661537.576,2.70113,0.21416,0.18971
1782661537.610,2.70113,0.21416,0.18971
1782661537.643,2.70113,0.21416,0.18971
1782661537.677,2.70113,0.21416,0.18971
1782661537.710,2.70113,0.21416,0.18971
1782661537.743,2.70113,0.21416,0.18971
1782661537.777,2.70113,0.21416,0.18971
1782661537.810,2.70113,0.21416,0.18971
1782661537.843,2.70113,0.21416,0.18971
1782661537.877,2.70113,0.21416,0.18971
1782661537.910,2.70113,0.21416,0.18971
1782661537.943,2.70113,0.21416,0.18971
1782661537.977,2.70113,0.21416,0.18971
1782661538.010,2.70113,0.21416,0.18971
1782661538.077,2.70113,0.21416,0.18971
1782661538.110,2.70113,0.21416,0.18971
1782661538.143,2.70113,0.21416,0.18971
1782661538.177,2.70113,0.21416,0.18971
1782661538.210,2.70113,0.21416,0.18971
1782661538.243,2.70113,0.21416,0.18971
1782661538.277,2.70113,0.21416,0.18971
1782661538.310,2.70113,0.21416,0.18971
1782661538.343,2.70113,0.21416,0.18971
1782661538.477,2.70113,0.21416,0.18971
1782661538.510,2.70113,0.21416,0.18971
1782661538.577,2.70113,0.21416,0.18971
1782661538.610,2.70113,0.21416,0.18971
1782661538.644,2.70113,0.21416,0.18971
1782661538.677,2.70113,0.21416,0.18971
1782661538.710,2.70113,0.21416,0.18971
1782661538.744,2.70113,0.21416,0.18971
1782661538.777,2.70113,0.21416,0.18971
1782661538.810,2.70113,0.21416,0.18971
1782661538.844,2.70113,0.21416,0.18971
1782661538.877,2.70113,0.21416,0.18971
1782661538.910,2.70113,0.21416,0.18971
1782661538.944,2.70113,0.21416,0.18971
1782661538.977,2.70113,0.21416,0.18971
1782661539.010,2.70113,0.21416,0.18971
1782661539.044,2.70113,0.21416,0.18971
1782661539.077,2.70113,0.21416,0.18971
1782661539.110,2.70113,0.21416,0.18971
1782661539.144,2.70113,0.21416,0.18971
1782661539.177,2.70113,0.21416,0.18971
1782661539.211,2.70113,0.21416,0.18971
1782661539.244,2.70113,0.21416,0.18971
1782661539.277,2.70113,0.21416,0.18971
1782661539.311,2.70113,0.21416,0.18971
1782661539.377,2.70113,0.21416,0.18971
1782661539.411,2.70113,0.21416,0.18971
1782661539.444,2.70113,0.21416,0.18971
1782661539.477,2.70113,0.21416,0.18971
1782661539.511,2.70113,0.21416,0.18971
1782661539.544,2.70113,0.21416,0.18971
1782661539.577,2.70113,0.21416,0.18971
1782661539.611,2.70113,0.21416,0.18971
1782661539.644,2.70113,0.21416,0.18971
1782661539.677,2.70113,0.21416,0.18971
1782661539.711,2.70113,0.21416,0.18971
1782661539.744,2.70113,0.21416,0.18971
1782661539.777,2.70113,0.21416,0.18971
1782661539.844,2.70113,0.21416,0.18971
1782661539.877,2.70113,0.21416,0.18971
1782661539.911,2.70113,0.21416,0.18971
1782661539.944,2.70113,0.21416,0.18971
1782661539.978,2.70113,0.21416,0.18971
1782661540.011,2.70113,0.21416,0.18971
1782661540.044,2.70113,0.21416,0.18971
1782661540.078,2.70113,0.21416,0.18971
1782661540.111,2.70113,0.21416,0.18971
1782661540.144,2.70113,0.21416,0.18971
1782661540.178,2.70113,0.21416,0.18971
1782661540.211,2.70113,0.21416,0.18971
1782661540.244,2.70113,0.21416,0.18971
1782661540.311,2.70113,0.21416,0.18971
1782661540.344,2.70113,0.21416,0.18971
1782661540.378,2.70113,0.21416,0.18971
1782661540.411,2.70113,0.21416,0.18971
1782661540.478,2.70113,0.21416,0.18971
1782661540.511,2.70113,0.21416,0.18971
1782661540.544,2.70113,0.21416,0.18971
1782661540.578,2.70113,0.21416,0.18971
1782661540.611,2.70113,0.21416,0.18971
1782661540.678,2.70113,0.21416,0.18971
1782661540.745,2.70113,0.21416,0.18971
1782661540.778,2.70113,0.21416,0.18971
1782661540.811,2.70113,0.21416,0.18971
1782661540.845,2.70113,0.21416,0.18971
1782661540.878,2.70113,0.21416,0.18971
1782661540.911,2.70113,0.21416,0.18971
1782661540.945,2.70113,0.21416,0.18971
1782661540.978,2.70113,0.21416,0.18971
1782661541.011,2.70113,0.21416,0.18971
1782661541.111,2.70113,0.21416,0.18971
1782661541.145,2.70113,0.21416,0.18971
1782661541.178,2.70113,0.21416,0.18971
1782661541.211,2.70113,0.21416,0.18971
1782661541.278,2.70113,0.21416,0.18971
1782661541.311,2.70113,0.21416,0.18971
1782661541.345,2.70113,0.21416,0.18971
1782661541.445,2.70113,0.21416,0.18971
1782661541.478,2.70113,0.21416,0.18971
1782661541.545,2.70113,0.21416,0.18971
1782661541.578,2.70113,0.21416,0.18971
1782661541.612,2.70113,0.21416,0.18971
1782661541.645,2.70113,0.21416,0.18971
1782661541.678,2.70113,0.21416,0.18971
1782661541.712,2.70113,0.21416,0.18971
1782661541.745,2.70113,0.21416,0.18971
1782661541.778,2.70113,0.21416,0.18971
1782661541.812,2.70113,0.21416,0.18971
1782661541.845,2.70113,0.21416,0.18971
1782661541.878,2.70113,0.21416,0.18971
1782661541.912,2.70113,0.21416,0.18971
1782661541.945,2.70113,0.21416,0.18971
1782661541.978,2.70113,0.21416,0.18971
1782661542.012,2.70113,0.21416,0.18971
1782661542.045,2.70113,0.21416,0.18971
1782661542.078,2.70113,0.21416,0.18971
1782661542.112,2.70113,0.21416,0.18971
1782661542.178,2.70113,0.21416,0.18971
1782661542.212,2.70113,0.21416,0.18971
1782661542.245,2.70113,0.21416,0.18971
1782661542.312,2.70113,0.21416,0.18971
1782661542.346,2.70113,0.21416,0.18971
1782661542.379,2.70113,0.21416,0.18971
1782661542.412,2.70113,0.21416,0.18971
1782661542.446,2.70113,0.21416,0.18971
1782661542.580,2.70113,0.21416,0.18971
1782661542.613,2.70113,0.21416,0.18971
1782661542.646,2.70113,0.21416,0.18971
1782661542.680,2.70113,0.21416,0.18971
1782661542.713,2.70113,0.21416,0.18971
1782661542.747,2.70113,0.21416,0.18971
1782661542.780,2.70113,0.21416,0.18971
1782661542.814,2.70113,0.21416,0.18971
1782661542.847,2.70113,0.21416,0.18971
1782661542.880,2.70113,0.21416,0.18971
1782661542.947,2.70113,0.21416,0.18971
1782661542.981,2.70113,0.21416,0.18971
1782661543.014,2.70113,0.21416,0.18971
1782661543.048,2.70113,0.21416,0.18971
1782661543.081,2.70113,0.21416,0.18971
1782661543.148,2.70113,0.21416,0.18971
1782661543.181,2.70113,0.21416,0.18971
1782661543.215,2.70113,0.21416,0.18971
1782661543.281,2.70113,0.21416,0.18971
1782661543.348,2.70113,0.21416,0.18971
1782661543.415,2.70113,0.21416,0.18971
1782661543.448,2.70113,0.21416,0.18971
1782661543.481,2.70113,0.21416,0.18971
1782661543.515,2.70113,0.21416,0.18971
1782661543.548,2.70113,0.21416,0.18971
1782661543.648,2.70113,0.21416,0.18971
1782661543.682,2.70113,0.21416,0.18971
1782661543.782,2.70113,0.21416,0.18971
1782661543.815,2.70113,0.21416,0.18971
1782661543.848,2.70113,0.21416,0.18971
1782661543.882,2.70113,0.21416,0.18971
1782661543.915,2.70113,0.21416,0.18971
1782661543.948,2.70113,0.21416,0.18971
1782661543.982,2.70113,0.21416,0.18971
1782661544.015,2.70113,0.21416,0.18971
1782661544.082,2.70113,0.21416,0.18971
1782661544.115,2.70113,0.21416,0.18971
1782661544.148,2.70113,0.21416,0.18971
1782661544.182,2.70113,0.21416,0.18971
1782661544.215,2.70113,0.21416,0.18971
1782661544.248,2.70113,0.21416,0.18971
1782661544.315,2.70113,0.21416,0.18971
1782661544.382,2.70113,0.21416,0.18971
1782661544.415,2.70113,0.21416,0.18971
1782661544.448,2.70113,0.21416,0.18971
1782661544.482,2.70113,0.21416,0.18971
1782661544.515,2.70113,0.21416,0.18971
1782661544.548,2.70113,0.21416,0.18971
1782661544.582,2.70113,0.21416,0.18971
1782661544.615,2.70113,0.21416,0.18971
1782661544.648,2.70113,0.21416,0.18971
1782661544.682,2.70113,0.21416,0.18971
1782661544.748,2.70113,0.21416,0.18971
1782661544.782,2.70113,0.21416,0.18971
1782661544.848,2.70113,0.21416,0.18971
1782661544.882,2.70113,0.21416,0.18971
1782661544.915,2.70113,0.21416,0.18971
1782661544.948,2.70113,0.21416,0.18971
1782661545.015,2.70113,0.21416,0.18971
1782661545.048,2.70113,0.21416,0.18971
1782661545.082,2.70113,0.21416,0.18971
1782661545.115,2.70113,0.21416,0.18971
1782661545.148,2.70113,0.21416,0.18971
1782661545.182,2.70113,0.21416,0.18971
1782661545.215,2.70113,0.21416,0.18971
1782661545.248,2.70113,0.21416,0.18971
1782661545.282,2.70113,0.21416,0.18971
1782661545.315,2.70113,0.21416,0.18971
1782661545.348,2.70113,0.21416,0.18971
1782661545.382,2.70113,0.21416,0.18971
1782661545.448,2.70113,0.21416,0.18971
1782661545.482,2.70113,0.21416,0.18971
1782661545.515,2.70113,0.21416,0.18971
1782661545.548,2.70113,0.21416,0.18971
1782661545.615,2.70113,0.21416,0.18971
1782661545.649,2.70113,0.21416,0.18971
1782661545.715,2.70113,0.21416,0.18971
1782661545.749,2.70113,0.21416,0.18971
1782661545.782,2.70113,0.21416,0.18971
1782661545.815,2.70113,0.21416,0.18971
1782661545.849,2.70113,0.21416,0.18971
1782661545.882,2.70113,0.21416,0.18971
1782661545.915,2.70113,0.21416,0.18971
1782661545.949,2.70113,0.21416,0.18971
1782661545.982,2.70113,0.21416,0.18971
1782661546.015,2.70113,0.21416,0.18971
1782661546.082,2.70113,0.21416,0.18971
1782661546.115,2.70113,0.21416,0.18971
1782661546.149,2.70113,0.21416,0.18971
1782661546.182,2.70113,0.21416,0.18971
1782661546.215,2.70113,0.21416,0.18971
1782661546.249,2.70113,0.21416,0.18971
1782661546.282,2.70113,0.21416,0.18971
1782661546.349,2.70113,0.21416,0.18971
1782661546.382,2.70113,0.21416,0.18971
1782661546.415,2.70113,0.21416,0.18971
1782661546.449,2.70113,0.21416,0.18971
1782661546.482,2.70125,0.21494,0.18916
1782661546.515,2.70125,0.21494,0.18916
1782661546.549,2.70107,0.21490,0.18893
1782661546.582,2.70107,0.21490,0.18893
1782661546.615,2.70107,0.21490,0.18893
1782661546.649,2.70148,0.21483,0.18901
1782661546.682,2.70148,0.21483,0.18901
1782661546.715,2.70141,0.21487,0.18907
1782661546.782,2.70154,0.21503,0.18920
1782661546.849,2.70154,0.21503,0.18920
1782661546.882,2.70154,0.21503,0.18920
1782661546.949,2.70154,0.21503,0.18920
1782661547.015,2.70154,0.21503,0.18920
1782661547.049,2.70154,0.21503,0.18920
1782661547.082,2.70154,0.21503,0.18920
1782661547.115,2.70154,0.21503,0.18920
1782661547.149,2.70154,0.21503,0.18920
1782661547.182,2.70154,0.21503,0.18920
1782661547.215,2.70154,0.21503,0.18920
1782661547.249,2.70154,0.21503,0.18920
1782661547.282,2.70154,0.21503,0.18920
1782661547.316,2.70154,0.21503,0.18920
1782661547.349,2.70154,0.21503,0.18920
1782661547.383,2.70154,0.21503,0.18920
1782661547.416,2.70154,0.21503,0.18920
1782661547.449,2.70154,0.21503,0.18920
1782661547.483,2.70154,0.21503,0.18920
1782661547.516,2.70154,0.21503,0.18920
1782661547.550,2.70154,0.21503,0.18920
1782661547.583,2.70154,0.21503,0.18920
1782661547.617,2.70154,0.21503,0.18920
1782661547.650,2.70154,0.21503,0.18920
1782661547.683,2.70154,0.21503,0.18920
1782661547.717,2.70154,0.21503,0.18920
1782661547.784,2.70154,0.21503,0.18920
1782661547.817,2.70154,0.21503,0.18920
1782661547.850,2.70154,0.21503,0.18920
1782661547.884,2.70154,0.21503,0.18920
1782661547.917,2.70154,0.21503,0.18920
1782661547.951,2.70154,0.21503,0.18920
1782661547.984,2.70210,0.21512,0.18821
1782661548.018,2.70210,0.21512,0.18821
1782661548.051,2.70210,0.21512,0.18821
1782661548.084,2.70210,0.21512,0.18821
1782661548.151,2.70210,0.21512,0.18821
1782661548.185,2.70210,0.21512,0.18821
1782661548.218,2.70210,0.21512,0.18821
1782661548.251,2.70210,0.21512,0.18821
1782661548.285,2.70210,0.21512,0.18821
1782661548.318,2.70210,0.21512,0.18821
1782661548.351,2.70210,0.21512,0.18821
1782661548.385,2.70210,0.21512,0.18821
1782661548.451,2.70210,0.21512,0.18821
1782661548.485,2.70210,0.21512,0.18821
1782661548.518,2.70272,0.21550,0.18798
1782661548.551,2.70272,0.21550,0.18798
1782661548.685,2.70272,0.21550,0.18798
1782661548.718,2.70272,0.21550,0.18798
1782661548.751,2.70272,0.21550,0.18798
1782661548.785,2.70272,0.21550,0.18798
1782661548.818,2.70272,0.21550,0.18798
1782661548.851,2.70272,0.21550,0.18798
1782661548.885,2.70272,0.21550,0.18798
1782661548.918,2.70272,0.21550,0.18798
1782661548.951,2.70272,0.21550,0.18798
1782661548.985,2.70272,0.21550,0.18798
1782661549.018,2.70272,0.21550,0.18798
1782661549.051,2.70272,0.21550,0.18798
1782661549.085,2.70272,0.21550,0.18798
1782661549.118,2.70272,0.21550,0.18798
1782661549.151,2.70272,0.21550,0.18798
1782661549.185,2.70272,0.21550,0.18798
1782661549.251,2.70272,0.21550,0.18798
1782661549.318,2.70272,0.21550,0.18798
1782661549.351,2.70272,0.21550,0.18798
1782661549.385,2.70272,0.21550,0.18798
1782661549.451,2.70272,0.21550,0.18798
1782661549.485,2.70272,0.21550,0.18798
1782661549.518,2.70272,0.21550,0.18798
1782661549.551,2.70272,0.21550,0.18798
1782661549.585,2.70103,0.21579,0.18844
1782661549.651,2.70312,0.21627,0.18877
1782661549.685,2.70312,0.21627,0.18877
1782661549.718,2.70312,0.21627,0.18877
1782661549.751,2.70312,0.21627,0.18877
1782661549.785,2.70312,0.21627,0.18877
1782661549.818,2.70312,0.21627,0.18877
1782661549.851,2.70312,0.21627,0.18877
1782661549.885,2.70312,0.21627,0.18877
1782661549.918,2.70312,0.21627,0.18877
1782661549.951,2.70312,0.21627,0.18877
1782661549.985,2.70312,0.21627,0.18877
1782661550.018,2.70312,0.21627,0.18877
1782661550.051,2.70312,0.21627,0.18877
1782661550.085,2.70312,0.21627,0.18877
1782661550.118,2.70312,0.21627,0.18877
1782661550.151,2.70312,0.21627,0.18877
1782661550.185,2.70312,0.21627,0.18877
1782661550.218,2.70312,0.21627,0.18877
1782661550.251,2.70312,0.21627,0.18877
1782661550.285,2.70312,0.21627,0.18877
1782661550.318,2.70312,0.21627,0.18877
1782661550.351,2.70312,0.21627,0.18877
1782661550.385,2.70312,0.21627,0.18877
1782661550.418,2.70312,0.21627,0.18877
1782661550.451,2.70312,0.21627,0.18877
1782661550.585,2.70312,0.21627,0.18877
1782661550.618,2.70312,0.21627,0.18877
1782661550.651,2.70312,0.21627,0.18877
1782661550.685,2.70312,0.21627,0.18877
1782661550.718,2.70312,0.21627,0.18877
1782661550.785,2.70312,0.21627,0.18877
1782661550.818,2.70312,0.21627,0.18877
1782661550.851,2.70312,0.21627,0.18877
1782661550.885,2.70312,0.21627,0.18877
1782661550.918,2.70312,0.21627,0.18877
1782661550.951,2.70312,0.21627,0.18877
1782661550.985,2.70312,0.21627,0.18877
1782661551.018,2.70312,0.21627,0.18877
1782661551.051,2.70312,0.21627,0.18877
1782661551.085,2.70312,0.21627,0.18877
1782661551.151,2.70312,0.21627,0.18877
1782661551.185,2.70312,0.21627,0.18877
1782661551.218,2.70312,0.21627,0.18877
1782661551.251,2.70312,0.21627,0.18877
1782661551.285,2.70312,0.21627,0.18877
1782661551.318,2.70312,0.21627,0.18877
1782661551.351,2.70312,0.21627,0.18877
1782661551.385,2.70312,0.21627,0.18877
1782661551.418,2.70312,0.21627,0.18877
1782661551.452,2.70312,0.21627,0.18877
1782661551.485,2.70312,0.21627,0.18877
1782661551.518,2.70312,0.21627,0.18877
1782661551.552,2.70312,0.21627,0.18877
1782661551.585,2.70312,0.21627,0.18877
1782661551.618,2.70312,0.21627,0.18877
1782661551.652,2.70312,0.21627,0.18877
1782661551.719,2.70312,0.21627,0.18877
1782661551.752,2.70312,0.21627,0.18877
1782661551.785,2.70312,0.21627,0.18877
1782661551.819,2.70312,0.21627,0.18877
1782661551.852,2.70312,0.21627,0.18877
1782661551.886,2.70312,0.21627,0.18877
1782661551.952,2.70312,0.21627,0.18877
1782661551.986,2.70312,0.21627,0.18877
1782661552.019,2.70312,0.21627,0.18877
1782661552.052,2.70312,0.21627,0.18877
1782661552.086,2.70312,0.21627,0.18877
1782661552.119,2.70312,0.21627,0.18877
1782661552.153,2.70312,0.21627,0.18877
1782661552.186,2.70312,0.21627,0.18877
1782661552.219,2.70312,0.21627,0.18877
1782661552.253,2.70312,0.21627,0.18877
1782661552.286,2.70312,0.21627,0.18877
1782661552.319,2.70312,0.21627,0.18877
1782661552.386,2.70239,0.21863,0.18896
1782661552.419,2.70239,0.21863,0.18896
1782661552.453,2.70239,0.21863,0.18896
1782661552.486,2.70239,0.21863,0.18896
1782661552.519,2.70239,0.21863,0.18896
1782661552.553,2.70239,0.21863,0.18896
1782661552.586,2.70239,0.21863,0.18896
1782661552.619,2.70239,0.21863,0.18896
1782661552.653,2.70239,0.21863,0.18896
1782661552.686,2.70239,0.21863,0.18896
1782661552.753,2.70239,0.21863,0.18896
1782661552.786,2.70239,0.21863,0.18896
1782661552.819,2.70239,0.21863,0.18896
1782661552.853,2.70239,0.21863,0.18896
1782661552.920,2.70239,0.21863,0.18896
1782661552.953,2.70239,0.21863,0.18896
1782661553.020,2.70239,0.21863,0.18896
1782661553.053,2.70239,0.21863,0.18896
1782661553.086,2.70239,0.21863,0.18896
1782661553.120,2.70239,0.21863,0.18896
1782661553.153,2.70239,0.21863,0.18896
1782661553.186,2.70239,0.21863,0.18896
1782661553.220,2.70239,0.21863,0.18896
1782661553.286,2.70239,0.21863,0.18896
1782661553.320,2.70239,0.21863,0.18896
1782661553.353,2.70239,0.21863,0.18896
1782661553.386,2.70239,0.21863,0.18896
1782661553.420,2.70239,0.21863,0.18896
1782661553.453,2.70239,0.21863,0.18896
1782661553.486,2.70239,0.21863,0.18896
1782661553.520,2.70239,0.21863,0.18896
1782661553.553,2.70239,0.21863,0.18896
1782661553.586,2.70239,0.21863,0.18896
1782661553.620,2.70239,0.21863,0.18896
1782661553.653,2.70239,0.21863,0.18896
1782661553.686,2.70239,0.21863,0.18896
1782661553.753,2.70239,0.21863,0.18896
1782661553.786,2.70239,0.21863,0.18896
1782661553.820,2.70239,0.21863,0.18896
1782661553.920,2.70239,0.21863,0.18896
1782661553.986,2.70239,0.21863,0.18896
1782661554.020,2.70239,0.21863,0.18896
1782661554.053,2.70239,0.21863,0.18896
1782661554.086,2.70239,0.21863,0.18896
1782661554.120,2.70239,0.21863,0.18896
1782661554.153,2.70239,0.21863,0.18896
1782661554.186,2.70239,0.21863,0.18896
1782661554.220,2.70239,0.21863,0.18896
1782661554.253,2.70239,0.21863,0.18896
1782661554.286,2.70239,0.21863,0.18896
1782661554.386,2.70239,0.21863,0.18896
1782661554.420,2.70239,0.21863,0.18896
1782661554.453,2.70239,0.21863,0.18896
1782661554.520,2.70207,0.21924,0.18791
1782661554.553,2.70207,0.21924,0.18791
1782661554.587,2.70207,0.21924,0.18791
1782661554.620,2.70207,0.21924,0.18791
1782661554.653,2.70207,0.21924,0.18791
1782661554.720,2.70207,0.21924,0.18791
1782661554.753,2.70207,0.21924,0.18791
1782661554.787,2.70207,0.21924,0.18791
1782661554.853,2.70207,0.21924,0.18791
1782661554.887,2.70125,0.21893,0.18770
1782661554.920,2.70131,0.21888,0.18807
1782661554.953,2.70026,0.21914,0.18789
1782661555.020,2.70211,0.21978,0.18783
1782661555.087,2.70211,0.21978,0.18783
1782661555.120,2.70206,0.21960,0.18782
1782661555.153,2.70206,0.21960,0.18782
1782661555.187,2.70206,0.21960,0.18782
1782661555.220,2.70206,0.21960,0.18782
1782661555.287,2.70206,0.21960,0.18782
1782661555.320,2.70206,0.21960,0.18782
1782661555.387,2.70206,0.21960,0.18782
1782661555.420,2.70176,0.22083,0.18759
1782661555.453,2.70064,0.22020,0.18908
1782661555.487,2.70064,0.22020,0.18908
1782661555.520,2.70206,0.22151,0.18772
1782661555.553,2.70206,0.22151,0.18772
1782661555.587,2.70206,0.22151,0.18772
1782661555.687,2.70206,0.22151,0.18772
1782661555.720,2.70206,0.22151,0.18772
1782661555.753,2.70195,0.22156,0.18783
1782661555.787,2.70174,0.22248,0.18780
1782661555.887,2.70183,0.22270,0.18711
1782661555.920,2.70126,0.22214,0.18828
1782661555.953,2.70189,0.22356,0.18793
1782661556.020,2.70168,0.22306,0.18795
1782661556.053,2.70092,0.22186,0.18845
1782661556.087,2.70185,0.22289,0.18803
1782661556.120,2.70110,0.22265,0.18862
1782661556.153,2.70017,0.22283,0.18886
1782661556.187,2.70055,0.22312,0.18924
1782661556.220,2.70044,0.22322,0.18940
1782661556.253,2.70159,0.22503,0.18862
1782661556.287,2.70127,0.22487,0.18896
1782661556.320,2.70098,0.22420,0.18898
1782661556.354,2.70028,0.22351,0.18899
1782661556.420,2.69986,0.22414,0.18774
1782661556.454,2.69994,0.22538,0.18739
1782661556.520,2.70087,0.22568,0.18726
1782661556.554,2.70103,0.22583,0.18753
1782661556.587,2.70083,0.22587,0.18763
1782661556.654,2.70049,0.22582,0.18801
1782661556.720,2.70118,0.22640,0.18799
1782661556.754,2.70141,0.22657,0.18803
1782661556.787,2.70141,0.22657,0.18803
1782661556.854,2.70114,0.22687,0.18739
1782661556.887,2.70083,0.22696,0.18755
1782661556.920,2.70178,0.22773,0.18766
1782661556.954,2.70045,0.22613,0.18860
1782661556.987,2.70018,0.22506,0.18863
1782661557.020,2.70035,0.22518,0.18828
1782661557.054,2.70087,0.22634,0.18714
1782661557.087,2.70129,0.22643,0.18780
1782661557.120,2.70146,0.22692,0.18730
1782661557.154,2.70102,0.22644,0.18784
1782661557.187,2.70040,0.22566,0.18830
1782661557.220,2.70061,0.22584,0.18834
1782661557.254,2.70044,0.22479,0.18937
1782661557.287,2.70127,0.22574,0.18794
1782661557.320,2.70052,0.22467,0.18879
1782661557.354,2.70066,0.22484,0.18870
1782661557.387,2.70120,0.22474,0.18887
1782661557.454,2.70155,0.22444,0.18906
1782661557.487,2.70160,0.22486,0.18900
1782661557.520,2.70138,0.22442,0.18966
1782661557.554,2.70188,0.22502,0.18924
1782661557.587,2.70190,0.22417,0.18995
1782661557.620,2.70155,0.22394,0.18961
1782661557.720,2.70055,0.22351,0.18934
1782661557.754,2.70076,0.22349,0.18992
1782661557.820,2.70147,0.22374,0.19058
1782661557.854,2.70153,0.22334,0.19025
1782661557.887,2.70301,0.22401,0.18945
1782661557.920,2.70287,0.22339,0.19007
1782661557.954,2.70267,0.22256,0.19034
1782661557.987,2.70344,0.22315,0.19064
1782661558.021,2.70371,0.22361,0.19072
1782661558.054,2.70296,0.22300,0.19142
1782661558.087,2.70415,0.22408,0.19129
1782661558.121,2.70377,0.22386,0.19136
1782661558.154,2.70427,0.22451,0.19105
1782661558.221,2.70393,0.22395,0.19136
1782661558.254,2.70383,0.22350,0.19121
1782661558.321,2.70383,0.22350,0.19121
1782661558.354,2.70383,0.22350,0.19121
1782661558.387,2.70383,0.22350,0.19121
1782661558.421,2.70359,0.22346,0.19083
1782661558.454,2.70227,0.22204,0.19095
1782661558.521,2.70265,0.22193,0.19070
1782661558.554,2.70252,0.22109,0.19063
1782661558.588,2.70252,0.22109,0.19063
1782661558.621,2.70252,0.22109,0.19063
1782661558.655,2.70252,0.22109,0.19063
1782661558.688,2.70252,0.22109,0.19063
1782661558.721,2.70252,0.22109,0.19063
1782661558.755,2.70101,0.21974,0.18967
1782661558.788,2.70215,0.22083,0.18995
1782661558.822,2.70245,0.22150,0.18853
1782661558.855,2.70396,0.22229,0.18883
1782661558.888,2.70289,0.22152,0.18926
1782661558.922,2.70328,0.22236,0.18995
1782661558.955,2.70374,0.22345,0.18900
1782661558.989,2.70289,0.22272,0.19042
1782661559.022,2.70266,0.22227,0.19024
1782661559.155,2.70305,0.22152,0.19057
1782661559.189,2.70380,0.22193,0.19049
1782661559.222,2.70477,0.22224,0.19002
1782661559.256,2.70403,0.22172,0.18933
1782661559.289,2.70388,0.22197,0.18937
1782661559.322,2.70354,0.22227,0.18941
1782661559.356,2.70349,0.22249,0.18978
1782661559.456,2.70349,0.22249,0.18978
1782661559.522,2.70349,0.22249,0.18978
1782661559.556,2.70349,0.22249,0.18978
1782661559.589,2.70349,0.22249,0.18978
1782661559.622,2.70290,0.22139,0.18973
1782661559.656,2.70320,0.22232,0.18875
1782661559.689,2.70152,0.22111,0.19037
1782661559.722,2.70135,0.22103,0.19089
1782661559.756,2.70129,0.22078,0.19097
1782661559.789,2.70125,0.22041,0.19078
1782661559.823,2.70234,0.22209,0.19050
1782661559.889,2.70236,0.22089,0.19083
1782661559.923,2.70058,0.21964,0.19083
1782661559.956,2.70102,0.22013,0.19095
1782661559.989,2.70149,0.22051,0.19083
1782661560.023,2.70287,0.22198,0.19036
1782661560.056,2.70325,0.22185,0.18995
1782661560.089,2.70217,0.21979,0.18956
1782661560.156,2.70329,0.21979,0.18948
1782661560.189,2.70329,0.21979,0.18948
1782661560.223,2.70287,0.21941,0.18954
1782661560.256,2.70323,0.22010,0.18977
1782661560.289,2.70328,0.22104,0.19043
1782661560.323,2.70361,0.22179,0.18966
1782661560.356,2.70312,0.22099,0.19029
1782661560.389,2.70312,0.22099,0.19029
1782661560.456,2.70312,0.22099,0.19029
1782661560.489,2.70312,0.22099,0.19029
1782661560.556,2.70312,0.22099,0.19029
1782661560.590,2.70312,0.22099,0.19029
1782661560.623,2.70312,0.22099,0.19029
1782661560.656,2.70312,0.22099,0.19029
1782661560.690,2.70312,0.22099,0.19029
1782661560.723,2.70312,0.22099,0.19029
1782661560.756,2.70312,0.22099,0.19029
1782661560.790,2.70312,0.22099,0.19029
1782661560.823,2.70312,0.22099,0.19029
1782661560.856,2.70312,0.22099,0.19029
1782661560.890,2.70312,0.22099,0.19029
1782661560.923,2.70260,0.21950,0.18975
1782661560.956,2.70470,0.22193,0.18910
1782661560.990,2.70470,0.22193,0.18910
1782661561.023,2.70470,0.22193,0.18910
1782661561.056,2.70470,0.22193,0.18910
1782661561.090,2.70470,0.22193,0.18910
1782661561.123,2.70470,0.22193,0.18910
1782661561.156,2.70470,0.22193,0.18910
1782661561.223,2.70470,0.22193,0.18910
1782661561.290,2.70470,0.22193,0.18910
1782661561.323,2.70470,0.22193,0.18910
1782661561.357,2.70470,0.22193,0.18910
1782661561.390,2.70470,0.22193,0.18910
1782661561.457,2.70470,0.22193,0.18910
1782661561.490,2.70470,0.22193,0.18910
1782661561.523,2.70470,0.22193,0.18910
1782661561.557,2.70422,0.22090,0.18905
1782661561.590,2.70452,0.22136,0.18756
1782661561.657,2.70351,0.21960,0.18857
1782661561.690,2.70381,0.22006,0.18918
1782661561.723,2.70381,0.22006,0.18918
1782661561.757,2.70336,0.21948,0.18954
1782661561.790,2.70308,0.21914,0.18983
1782661561.823,2.70289,0.21897,0.19013
1782661561.857,2.70366,0.22001,0.19029
1782661561.890,2.70231,0.22040,0.19059
1782661561.923,2.70258,0.22114,0.19086
1782661561.957,2.70248,0.22022,0.19039
1782661561.990,2.70234,0.22011,0.19109
1782661562.023,2.70388,0.22258,0.19098
1782661562.057,2.70282,0.22123,0.19053
1782661562.090,2.70252,0.21981,0.19076
1782661562.157,2.70281,0.22047,0.19116
1782661562.190,2.70310,0.22124,0.19125
1782661562.257,2.70207,0.22184,0.19128
1782661562.290,2.70290,0.22154,0.19014
1782661562.324,2.70338,0.22107,0.19039
1782661562.357,2.70222,0.21861,0.19072
1782661562.390,2.70177,0.21891,0.19056
1782661562.424,2.70298,0.21925,0.19003
1782661562.457,2.70296,0.21842,0.18964
1782661562.524,2.70188,0.21787,0.18935
1782661562.590,2.70228,0.21824,0.19033
1782661562.624,2.70222,0.21786,0.19117
1782661562.657,2.70413,0.22093,0.19040
1782661562.690,2.70284,0.21934,0.19064
1782661562.724,2.70189,0.22008,0.19055
1782661562.790,2.70281,0.21926,0.18984
1782661562.824,2.70278,0.21896,0.18919
1782661562.857,2.70273,0.21942,0.18982
1782661562.924,2.70145,0.21921,0.18962
1782661562.957,2.70211,0.22101,0.18917
1782661562.991,2.70142,0.22145,0.18941
1782661563.024,2.70085,0.22031,0.19094
1782661563.057,2.70142,0.21990,0.18896
1782661563.091,2.70185,0.22005,0.18980
1782661563.124,2.70245,0.21994,0.18960
1782661563.157,2.70238,0.21930,0.18957
1782661563.224,2.70211,0.22006,0.18941
1782661563.257,2.70156,0.21965,0.18912
1782661563.324,2.70076,0.22062,0.19021
1782661563.358,2.70041,0.22080,0.19042
1782661563.391,2.70075,0.22135,0.18983
1782661563.491,2.70204,0.22235,0.19032
1782661563.525,2.70298,0.22357,0.19009
1782661563.558,2.70245,0.22305,0.19022
1782661563.591,2.70276,0.22371,0.19018
1782661563.625,2.70214,0.22383,0.19076
1782661563.692,2.70130,0.22359,0.19034
1782661563.758,2.70133,0.22415,0.19032
1782661563.792,2.70049,0.22378,0.19097
1782661563.825,2.70048,0.22417,0.18995
1782661563.859,2.70118,0.22444,0.19104
1782661563.892,2.70109,0.22466,0.19094
1782661563.925,2.70116,0.22467,0.19060
1782661563.959,2.70069,0.22458,0.18922
1782661563.992,2.70052,0.22504,0.18888
1782661564.026,2.70163,0.22563,0.18945
1782661564.059,2.70147,0.22595,0.18897
1782661564.092,2.70167,0.22693,0.18895
1782661564.126,2.70166,0.22676,0.18963
1782661564.159,2.70121,0.22633,0.18920
1782661564.193,2.70090,0.22628,0.18932
1782661564.226,2.70155,0.22708,0.18908
1782661564.259,2.70194,0.22712,0.18871
1782661564.293,2.70102,0.22623,0.18884
1782661564.326,2.70051,0.22556,0.18873
1782661564.393,2.70151,0.22612,0.18666
1782661564.426,2.70049,0.22541,0.18801
1782661564.493,2.70092,0.22596,0.18783
1782661564.526,2.70131,0.22648,0.18782
1782661564.560,2.70152,0.22663,0.18803
1782661564.593,2.70194,0.22691,0.18805
1782661564.626,2.70161,0.22610,0.18819
1782661564.660,2.70296,0.22747,0.18807
1782661564.693,2.70225,0.22719,0.18850
1782661564.793,2.70140,0.22713,0.18804
1782661564.826,2.70134,0.22712,0.18788
1782661564.860,2.70160,0.22731,0.18761
1782661564.893,2.70194,0.22789,0.18785
1782661564.926,2.70148,0.22715,0.18807
1782661564.960,2.70255,0.22834,0.18792
1782661565.027,2.70302,0.22877,0.18736
1782661565.060,2.70307,0.22861,0.18701
1782661565.093,2.70271,0.22873,0.18663
1782661565.127,2.70171,0.22796,0.18621
1782661565.193,2.70187,0.22893,0.18719
1782661565.227,2.70223,0.22941,0.18733
1782661565.260,2.70282,0.22996,0.18724
1782661565.293,2.70271,0.22943,0.18701
1782661565.327,2.70315,0.22979,0.18694
1782661565.360,2.70462,0.23142,0.18658
1782661565.393,2.70519,0.23081,0.18656
1782661565.427,2.70435,0.23030,0.18752
1782661565.460,2.70510,0.22948,0.18727
1782661565.560,2.70683,0.23187,0.18648
1782661565.594,2.70518,0.23010,0.18678
1782661565.627,2.70534,0.23037,0.18725
1782661565.660,2.70532,0.23060,0.18722
1782661565.694,2.70495,0.23015,0.18689
1782661565.727,2.70489,0.23013,0.18676
1782661565.760,2.70480,0.23025,0.18662
1782661565.794,2.70485,0.23090,0.18642
1782661565.827,2.70526,0.23126,0.18654
1782661565.860,2.70476,0.23043,0.18689
1782661565.894,2.70483,0.23050,0.18654
1782661565.927,2.70556,0.23168,0.18634
1782661565.961,2.70521,0.23151,0.18656
1782661565.994,2.70448,0.23026,0.18755
1782661566.061,2.70604,0.23222,0.18729
1782661566.094,2.70560,0.23204,0.18739
1782661566.127,2.70537,0.23107,0.18729
1782661566.161,2.70640,0.23207,0.18687
1782661566.194,2.70595,0.23124,0.18685
1782661566.261,2.70634,0.23194,0.18666
1782661566.394,2.70543,0.23140,0.18687
1782661566.428,2.70421,0.22965,0.18721
1782661566.461,2.70547,0.23185,0.18643
1782661566.494,2.70458,0.23118,0.18660
1782661566.528,2.70529,0.23225,0.18600
1782661566.561,2.70536,0.23154,0.18589
1782661566.628,2.70543,0.23161,0.18583
1782661566.661,2.70527,0.23152,0.18574
1782661566.694,2.70522,0.23118,0.18594
1782661566.728,2.70655,0.23315,0.18577
1782661566.828,2.70566,0.23236,0.18640
1782661566.861,2.70523,0.23217,0.18671
1782661566.894,2.70450,0.23154,0.18731
1782661566.995,2.70500,0.23256,0.18757
1782661567.028,2.70540,0.23297,0.18745
1782661567.061,2.70586,0.23347,0.18740
1782661567.095,2.70544,0.23333,0.18765
1782661567.128,2.70517,0.23341,0.18799
1782661567.161,2.70500,0.23363,0.18840
1782661567.195,2.70595,0.23547,0.18807
1782661567.228,2.70539,0.23372,0.18884
1782661567.261,2.70577,0.23391,0.18868
1782661567.295,2.70610,0.23424,0.18873
1782661567.361,2.70686,0.23514,0.18888
1782661567.395,2.70731,0.23575,0.18924
1782661567.428,2.70772,0.23608,0.18919
1782661567.462,2.70668,0.23462,0.19032
1782661567.495,2.70667,0.23495,0.18980
1782661567.562,2.70662,0.23575,0.18894
1782661567.595,2.70666,0.23626,0.18857
1782661567.662,2.70676,0.23645,0.18866
1782661567.728,2.70609,0.23541,0.18861
1782661567.762,2.70632,0.23603,0.18877
1782661567.795,2.70658,0.23650,0.18843
1782661567.828,2.70726,0.23782,0.18790
1782661567.862,2.70721,0.23773,0.18771
1782661567.929,2.70689,0.23752,0.18750
1782661567.962,2.70660,0.23747,0.18750
1782661567.995,2.70622,0.23702,0.18790
1782661568.029,2.70608,0.23597,0.18839
1782661568.062,2.70657,0.23666,0.18740
1782661568.095,2.70644,0.23619,0.18758
1782661568.129,2.70700,0.23704,0.18769
1782661568.162,2.70695,0.23723,0.18798
1782661568.195,2.70650,0.23701,0.18870
1782661568.229,2.70615,0.23676,0.18852
1782661568.262,2.70495,0.23502,0.18828
1782661568.295,2.70518,0.23579,0.18841
1782661568.329,2.70574,0.23714,0.18835
1782661568.362,2.70568,0.23642,0.18906
1782661568.396,2.70472,0.23597,0.18922
1782661568.429,2.70457,0.23624,0.18872
1782661568.496,2.70535,0.23703,0.18908
1782661568.529,2.70548,0.23701,0.18888
1782661568.562,2.70514,0.23678,0.18901
1782661568.596,2.70404,0.23670,0.18842
1782661568.629,2.70408,0.23641,0.18867
1782661568.662,2.70441,0.23670,0.18809
1782661568.696,2.70410,0.23573,0.18730
1782661568.729,2.70459,0.23647,0.18653
1782661568.762,2.70404,0.23608,0.18688
1782661568.829,2.70480,0.23619,0.18670
1782661568.896,2.70502,0.23552,0.18685
1782661568.929,2.70530,0.23531,0.18673
1782661568.963,2.70534,0.23643,0.18603
1782661569.029,2.70557,0.23641,0.18605
1782661569.063,2.70654,0.23638,0.18641
1782661569.129,2.70471,0.23507,0.18727
1782661569.163,2.70437,0.23467,0.18747
1782661569.229,2.70485,0.23537,0.18770
1782661569.263,2.70515,0.23571,0.18764
1782661569.296,2.70546,0.23608,0.18750
1782661569.330,2.70533,0.23574,0.18731
1782661569.363,2.70562,0.23621,0.18723
1782661569.463,2.70671,0.23805,0.18766
1782661569.496,2.70591,0.23692,0.18803
1782661569.530,2.70637,0.23720,0.18778
1782661569.563,2.70552,0.23597,0.18804
1782661569.596,2.70452,0.23532,0.18786
1782661569.630,2.70474,0.23589,0.18737
1782661569.663,2.70486,0.23666,0.18668
1782661569.696,2.70532,0.23760,0.18599
1782661569.730,2.70528,0.23799,0.18624
1782661569.763,2.70442,0.23553,0.18647
1782661569.796,2.70328,0.23573,0.18598
1782661569.830,2.70391,0.23587,0.18571
1782661569.863,2.70404,0.23600,0.18568
1782661569.897,2.70429,0.23678,0.18589
1782661569.930,2.70427,0.23626,0.18521
1782661569.963,2.70409,0.23606,0.18502
1782661570.063,2.70404,0.23547,0.18477
1782661570.130,2.70454,0.23540,0.18430
1782661570.163,2.70444,0.23485,0.18428
1782661570.197,2.70534,0.23678,0.18451
1782661570.263,2.70452,0.23563,0.18431
1782661570.297,2.70458,0.23523,0.18407
1782661570.330,2.70438,0.23517,0.18322
1782661570.364,2.70416,0.23478,0.18247
1782661570.397,2.70485,0.23575,0.18177
1782661570.430,2.70461,0.23549,0.18148
1782661570.497,2.70415,0.23497,0.18105
1782661570.530,2.70429,0.23657,0.18176
1782661570.564,2.70362,0.23571,0.18189
1782661570.597,2.70429,0.23635,0.18143
1782661570.630,2.70440,0.23620,0.18193
1782661570.664,2.70435,0.23555,0.18227
1782661570.730,2.70463,0.23474,0.18262
1782661570.764,2.70508,0.23473,0.18258
1782661570.797,2.70538,0.23435,0.18248
1782661570.831,2.70589,0.23507,0.18181
1782661570.864,2.70597,0.23491,0.18124
1782661570.897,2.70654,0.23563,0.18190
1782661570.931,2.70600,0.23462,0.18160
1782661571.031,2.70622,0.23506,0.18183
1782661571.097,2.70633,0.23412,0.18245
1782661571.131,2.70664,0.23471,0.18252
1782661571.164,2.70654,0.23453,0.18265
1782661571.197,2.70653,0.23436,0.18270
1782661571.231,2.70664,0.23420,0.18261
1782661571.264,2.70734,0.23491,0.18258
1782661571.298,2.70651,0.23436,0.18268
1782661571.331,2.70698,0.23415,0.18356
1782661571.364,2.70594,0.23396,0.18347
1782661571.398,2.70668,0.23445,0.18296
1782661571.431,2.70736,0.23490,0.18295
1782661571.498,2.70745,0.23391,0.18289
1782661571.531,2.70749,0.23328,0.18408
1782661571.564,2.70812,0.23483,0.18286
1782661571.598,2.70727,0.23281,0.18377
1782661571.664,2.70741,0.23317,0.18353
1782661571.698,2.70758,0.23331,0.18355
1782661571.731,2.70724,0.23237,0.18365
1782661571.765,2.70640,0.23175,0.18354
1782661571.831,2.70675,0.23165,0.18328
1782661571.865,2.70621,0.23116,0.18274
1782661571.898,2.70682,0.23164,0.18242
1782661571.931,2.70635,0.23064,0.18284
1782661571.965,2.70600,0.22973,0.18320
1782661571.998,2.70688,0.23068,0.18308
1782661572.031,2.70786,0.23169,0.18273
1782661572.065,2.70856,0.23221,0.18237
1782661572.098,2.70815,0.23166,0.18263
1782661572.131,2.70838,0.23091,0.18260
1782661572.165,2.70865,0.23037,0.18294
1782661572.198,2.70926,0.23040,0.18290
1782661572.231,2.71026,0.23125,0.18280
1782661572.265,2.71014,0.23136,0.18330
1782661572.332,2.71016,0.23098,0.18413
1782661572.365,2.70985,0.23110,0.18418
1782661572.398,2.70967,0.23220,0.18426
1782661572.432,2.70892,0.23119,0.18528
1782661572.465,2.70847,0.23136,0.18520
1782661572.498,2.70814,0.23161,0.18503
1782661572.532,2.70787,0.23077,0.18479
1782661572.565,2.70873,0.23181,0.18411
1782661572.598,2.70892,0.23192,0.18367
1782661572.632,2.70869,0.23150,0.18347
1782661572.665,2.70844,0.23097,0.18288
1782661572.698,2.70803,0.23105,0.18303
1782661572.732,2.70767,0.23112,0.18313
1782661572.765,2.70693,0.23043,0.18343
1782661572.799,2.70759,0.23104,0.18213
1782661572.832,2.70734,0.23190,0.18240
1782661572.865,2.70673,0.23168,0.18256
1782661572.899,2.70593,0.23199,0.18303
1782661572.932,2.70602,0.23169,0.18266
1782661572.965,2.70582,0.23207,0.18269
1782661573.032,2.70605,0.23299,0.18304
1782661573.065,2.70693,0.23425,0.18263
1782661573.099,2.70601,0.23314,0.18264
1782661573.132,2.70595,0.23241,0.18326
1782661573.199,2.70629,0.23209,0.18317
1782661573.232,2.70687,0.23288,0.18311
1782661573.266,2.70680,0.23294,0.18329
1782661573.299,2.70678,0.23349,0.18407
1782661573.366,2.70744,0.23314,0.18422
1782661573.399,2.70711,0.23332,0.18453
1782661573.466,2.70884,0.23456,0.18459
1782661573.499,2.70839,0.23326,0.18469
1782661573.532,2.70735,0.23293,0.18482
1782661573.566,2.70724,0.23236,0.18600
1782661573.599,2.70663,0.23170,0.18596
1782661573.632,2.70665,0.23143,0.18560
1782661573.666,2.70723,0.23172,0.18494
1782661573.699,2.70693,0.23194,0.18561
1782661573.733,2.70736,0.23216,0.18513
1782661573.766,2.70653,0.23073,0.18495
1782661573.799,2.70697,0.23111,0.18447
1782661573.833,2.70728,0.23164,0.18419
1782661573.866,2.70758,0.23271,0.18510
1782661573.899,2.70782,0.23341,0.18539
1782661573.933,2.70731,0.23291,0.18564
1782661573.966,2.70638,0.23241,0.18594
1782661573.999,2.70641,0.23279,0.18562
1782661574.033,2.70536,0.23183,0.18572
1782661574.066,2.70618,0.23292,0.18502
1782661574.133,2.70629,0.23379,0.18516
1782661574.166,2.70547,0.23261,0.18502
1782661574.200,2.70575,0.23245,0.18530
1782661574.233,2.70705,0.23336,0.18477
1782661574.266,2.70605,0.23333,0.18420
1782661574.333,2.70537,0.23133,0.18384
1782661574.366,2.70603,0.23268,0.18403
1782661574.400,2.70664,0.23384,0.18395
1782661574.466,2.70596,0.23429,0.18325
1782661574.500,2.70598,0.23383,0.18392
1782661574.533,2.70552,0.23361,0.18394
1782661574.566,2.70575,0.23242,0.18399
1782661574.600,2.70570,0.23298,0.18429
1782661574.633,2.70740,0.23453,0.18409
1782661574.667,2.70759,0.23385,0.18355
1782661574.700,2.70753,0.23383,0.18344
1782661574.733,2.70824,0.23433,0.18424
1782661574.833,2.70809,0.23458,0.18445
1782661574.867,2.70770,0.23498,0.18471
1782661574.900,2.70685,0.23566,0.18463
1782661574.933,2.70824,0.23684,0.18361
1782661574.967,2.70730,0.23517,0.18374
1782661575.033,2.70771,0.23580,0.18411
1782661575.067,2.70826,0.23623,0.18370
1782661575.100,2.70853,0.23702,0.18424
1782661575.133,2.70855,0.23726,0.18391
1782661575.167,2.70845,0.23751,0.18404
1782661575.200,2.70820,0.23765,0.18332
1782661575.234,2.70747,0.23737,0.18380
1782661575.267,2.70757,0.23658,0.18374
1782661575.300,2.70847,0.23778,0.18342
1782661575.334,2.70749,0.23737,0.18418
1782661575.400,2.70760,0.23765,0.18412
1782661575.434,2.70668,0.23696,0.18447
1782661575.467,2.70661,0.23715,0.18404
1782661575.500,2.70730,0.23885,0.18356
1782661575.600,2.70668,0.23574,0.18442
1782661575.634,2.70793,0.23653,0.18371
1782661575.667,2.70832,0.23648,0.18404
1782661575.701,2.70860,0.23778,0.18368
1782661575.734,2.70841,0.23735,0.18359
1782661575.767,2.70791,0.23729,0.18361
1782661575.801,2.70712,0.23710,0.18348
1782661575.834,2.70820,0.23874,0.18319
1782661575.867,2.70835,0.23872,0.18316
1782661575.901,2.70929,0.24072,0.18326
1782661575.934,2.70813,0.23893,0.18433
1782661575.967,2.70790,0.23835,0.18424
1782661576.001,2.70788,0.23866,0.18404
1782661576.034,2.70784,0.23907,0.18361
1782661576.067,2.70787,0.23966,0.18298
1782661576.134,2.70801,0.24007,0.18259
1782661576.168,2.70762,0.24048,0.18267
1782661576.201,2.70728,0.24078,0.18225
1782661576.268,2.70716,0.24110,0.18075
1782661576.301,2.70679,0.24168,0.18096
1782661576.334,2.70706,0.24087,0.18139
1782661576.368,2.70643,0.24005,0.18079
1782661576.401,2.70617,0.23930,0.18142
1782661576.434,2.70613,0.23995,0.18052
1782661576.468,2.70710,0.24113,0.18084
1782661576.501,2.70768,0.24184,0.18011
1782661576.534,2.70705,0.24154,0.17991
1782661576.568,2.70702,0.24232,0.17933
1782661576.601,2.70719,0.24286,0.17932
1782661576.635,2.70660,0.24190,0.18034
1782661576.668,2.70630,0.24259,0.18011
1782661576.701,2.70594,0.24110,0.18001
1782661576.735,2.70638,0.24182,0.17996
1782661576.768,2.70538,0.24080,0.18046
1782661576.801,2.70476,0.24018,0.18050
1782661576.835,2.70508,0.24063,0.18023
1782661576.868,2.70580,0.24175,0.17982
1782661576.901,2.70551,0.24121,0.17993
1782661576.935,2.70522,0.24069,0.17998
1782661577.001,2.70475,0.23963,0.18054
1782661577.068,2.70540,0.23993,0.18030
1782661577.102,2.70513,0.23929,0.18031
1782661577.135,2.70495,0.23872,0.18015
1782661577.168,2.70463,0.23847,0.17985
1782661577.202,2.70447,0.23821,0.17931
1782661577.235,2.70520,0.23936,0.17879
1782661577.268,2.70539,0.23913,0.17857
1782661577.302,2.70615,0.23983,0.17827
1782661577.335,2.70572,0.23945,0.17815
1782661577.402,2.70471,0.23890,0.17789
1782661577.435,2.70490,0.23864,0.17779
1782661577.502,2.70542,0.23998,0.17717
1782661577.535,2.70570,0.24094,0.17692
1782661577.602,2.70216,0.23722,0.17748
1782661577.635,2.70472,0.24034,0.17722
1782661577.702,2.70331,0.23784,0.17762
1782661577.769,2.70435,0.23993,0.17742
1782661577.802,2.70365,0.23924,0.17748
1782661577.835,2.70275,0.23861,0.17723
1782661577.869,2.70275,0.23861,0.17723
1782661577.902,2.70275,0.23861,0.17723
1782661577.935,2.70275,0.23861,0.17723
1782661577.969,2.70275,0.23861,0.17723
1782661578.002,2.70275,0.23861,0.17723
1782661578.035,2.70275,0.23861,0.17723
1782661578.069,2.70275,0.23861,0.17723
1782661578.136,2.70275,0.23861,0.17723
1782661578.169,2.70275,0.23861,0.17723
1782661578.202,2.70275,0.23861,0.17723
1782661578.236,2.70275,0.23861,0.17723
1782661578.269,2.70275,0.23861,0.17723
1782661578.302,2.70275,0.23861,0.17723
1782661578.336,2.70275,0.23861,0.17723
1782661578.369,2.70275,0.23861,0.17723
1782661578.402,2.70275,0.23861,0.17723
1782661578.436,2.70275,0.23861,0.17723
1782661578.469,2.70275,0.23861,0.17723
1782661578.502,2.70275,0.23861,0.17723
1782661578.536,2.70275,0.23861,0.17723
1782661578.569,2.70275,0.23861,0.17723
1782661578.603,2.70275,0.23861,0.17723
1782661578.636,2.70275,0.23861,0.17723
1782661578.669,2.70275,0.23861,0.17723
1782661578.703,2.70275,0.23861,0.17723
1782661578.736,2.70275,0.23861,0.17723
1782661578.769,2.70275,0.23861,0.17723
1782661578.803,2.70275,0.23861,0.17723
1782661578.836,2.70275,0.23861,0.17723
1782661578.869,2.70275,0.23861,0.17723
1782661578.903,2.70275,0.23861,0.17723
1782661578.936,2.70275,0.23861,0.17723
1782661578.969,2.70275,0.23861,0.17723
1782661579.036,2.70275,0.23861,0.17723
1782661579.070,2.70275,0.23861,0.17723
1782661579.103,2.70275,0.23861,0.17723
1782661579.136,2.70275,0.23861,0.17723
1782661579.170,2.70275,0.23861,0.17723
1782661579.203,2.70275,0.23861,0.17723
1782661579.236,2.70275,0.23861,0.17723
1782661579.270,2.70275,0.23861,0.17723
1782661579.303,2.70275,0.23861,0.17723
1782661579.370,2.70275,0.23861,0.17723
1782661579.404,2.70275,0.23861,0.17723
1782661579.437,2.70275,0.23861,0.17723
1782661579.470,2.70275,0.23861,0.17723
1782661579.504,2.70275,0.23861,0.17723
1782661579.537,2.70275,0.23861,0.17723
1782661579.571,2.70275,0.23861,0.17723
1782661579.638,2.70275,0.23861,0.17723
1782661579.671,2.70275,0.23861,0.17723
1782661579.704,2.70275,0.23861,0.17723
1782661579.738,2.70275,0.23861,0.17723
1782661579.771,2.70275,0.23861,0.17723
1782661579.838,2.70275,0.23861,0.17723
1782661579.872,2.70275,0.23861,0.17723
1782661579.939,2.70275,0.23861,0.17723
1782661580.005,2.70275,0.23861,0.17723
1782661580.039,2.70275,0.23861,0.17723
1782661580.072,2.70275,0.23861,0.17723
1782661580.106,2.70275,0.23861,0.17723
1782661580.206,2.70275,0.23861,0.17723
1782661580.240,2.70275,0.23861,0.17723
1782661580.273,2.70275,0.23861,0.17723
1782661580.306,2.70275,0.23861,0.17723
1782661580.340,2.70275,0.23861,0.17723
1782661580.373,2.70275,0.23861,0.17723
1782661580.406,2.70275,0.23861,0.17723
1782661580.440,2.70275,0.23861,0.17723
1782661580.473,2.70275,0.23861,0.17723
1782661580.573,2.70275,0.23861,0.17723
1782661580.606,2.70275,0.23861,0.17723
1782661580.640,2.70275,0.23861,0.17723
1782661580.673,2.70275,0.23861,0.17723
1782661580.706,2.70275,0.23861,0.17723
1782661580.740,2.70275,0.23861,0.17723
1782661580.773,2.70275,0.23861,0.17723
1782661580.806,2.70275,0.23861,0.17723
1782661580.840,2.70275,0.23861,0.17723
1782661580.873,2.70275,0.23861,0.17723
1782661580.906,2.70275,0.23861,0.17723
1782661580.940,2.70275,0.23861,0.17723
1782661580.973,2.70275,0.23861,0.17723
1782661581.007,2.70275,0.23861,0.17723
1782661581.040,2.70275,0.23861,0.17723
1782661581.073,2.70275,0.23861,0.17723
1782661581.107,2.70275,0.23861,0.17723
1782661581.140,2.70275,0.23861,0.17723
1782661581.173,2.70275,0.23861,0.17723
1782661581.207,2.70275,0.23861,0.17723
1782661581.240,2.70275,0.23861,0.17723
1782661581.273,2.70275,0.23861,0.17723
1782661581.340,2.70275,0.23861,0.17723
1782661581.373,2.70275,0.23861,0.17723
1782661581.407,2.70275,0.23861,0.17723
1782661581.440,2.70275,0.23861,0.17723
1782661581.473,2.70275,0.23861,0.17723
1782661581.507,2.70275,0.23861,0.17723
1782661581.540,2.70275,0.23861,0.17723
1782661581.573,2.70275,0.23861,0.17723
1782661581.607,2.70275,0.23861,0.17723
1782661581.640,2.70275,0.23861,0.17723
1782661581.707,2.70275,0.23861,0.17723
1782661581.740,2.70275,0.23861,0.17723
1782661581.774,2.70275,0.23861,0.17723
1782661581.807,2.70275,0.23861,0.17723
1782661581.840,2.70275,0.23861,0.17723
1782661581.874,2.70275,0.23861,0.17723
1782661581.907,2.70275,0.23861,0.17723
1782661581.940,2.70275,0.23861,0.17723
1782661581.974,2.70275,0.23861,0.17723
1782661582.007,2.70275,0.23861,0.17723
1782661582.040,2.70275,0.23861,0.17723
1782661582.074,2.70275,0.23861,0.17723
1782661582.140,2.70275,0.23861,0.17723
1782661582.174,2.70275,0.23861,0.17723
1782661582.207,2.70275,0.23861,0.17723
1782661582.240,2.70275,0.23861,0.17723
1782661582.274,2.70275,0.23861,0.17723
1782661582.307,2.70275,0.23861,0.17723
1782661582.340,2.70275,0.23861,0.17723
1782661582.374,2.70275,0.23861,0.17723
1782661582.407,2.70275,0.23861,0.17723
1782661582.440,2.70275,0.23861,0.17723
1782661582.474,2.70275,0.23861,0.17723
1782661582.541,2.70275,0.23861,0.17723
1782661582.574,2.70275,0.23861,0.17723
1782661582.607,2.70275,0.23861,0.17723
1782661582.674,2.70275,0.23861,0.17723
1782661582.707,2.70275,0.23861,0.17723
1782661582.741,2.70275,0.23861,0.17723
1782661582.774,2.70275,0.23861,0.17723
1782661582.874,2.70275,0.23861,0.17723
1782661582.907,2.70275,0.23861,0.17723
1782661582.941,2.70275,0.23861,0.17723
1782661582.974,2.70275,0.23861,0.17723
1782661583.007,2.70275,0.23861,0.17723
1782661583.041,2.70275,0.23861,0.17723
1782661583.074,2.70275,0.23861,0.17723
1782661583.107,2.70275,0.23861,0.17723
1782661583.141,2.70275,0.23861,0.17723
1782661583.174,2.70275,0.23861,0.17723
1782661583.207,2.70275,0.23861,0.17723
1782661583.241,2.70275,0.23861,0.17723
1782661583.274,2.70275,0.23861,0.17723
1782661583.308,2.70275,0.23861,0.17723
1782661583.341,2.70275,0.23861,0.17723
1782661583.375,2.70275,0.23861,0.17723
1782661583.408,2.70275,0.23861,0.17723
1782661583.441,2.70275,0.23861,0.17723
1782661583.475,2.70275,0.23861,0.17723
1782661583.508,2.70275,0.23861,0.17723
